Year,Host,Match,Datetime,Stage,City,Home_Team,Home Team Goals,Away Team Goals,Total Goals,Away _Team,Attendance,Home Team Initials,Away Team Initials
1930,Uruguay,1,13 Jul 1930 - 15:00 ,Group,Montevideo ,France,4,1,5,Mexico,4444,FRA,MEX
1930,Uruguay,2,13 Jul 1930 - 15:00 ,Group,Montevideo ,USA,3,0,3,Belgium,18346,USA,BEL
1930,Uruguay,3,14 Jul 1930 - 12:45 ,Group,Montevideo ,Yugoslavia,2,1,3,Brazil,24059,YUG,BRA
1930,Uruguay,4,14 Jul 1930 - 14:50 ,Group,Montevideo ,Romania,3,1,4,Peru,2549,ROU,PER
1930,Uruguay,5,15 Jul 1930 - 16:00 ,Group,Montevideo ,Argentina,1,0,1,France,23409,ARG,FRA
1930,Uruguay,6,16 Jul 1930 - 14:45 ,Group,Montevideo ,Chile,3,0,3,Mexico,9249,CHI,MEX
1930,Uruguay,7,17 Jul 1930 - 12:45 ,Group,Montevideo ,Yugoslavia,4,0,4,Bolivia,18306,YUG,BOL
1930,Uruguay,8,17 Jul 1930 - 14:45 ,Group,Montevideo ,USA,3,0,3,Paraguay,18306,USA,PAR
1930,Uruguay,9,18 Jul 1930 - 14:30 ,Group,Montevideo ,Uruguay,1,0,1,Peru,57735,URU,PER
1930,Uruguay,10,19 Jul 1930 - 12:50 ,Group,Montevideo ,Chile,1,0,1,France,2000,CHI,FRA
1930,Uruguay,11,19 Jul 1930 - 15:00 ,Group,Montevideo ,Argentina,6,3,9,Mexico,42100,ARG,MEX
1930,Uruguay,12,20 Jul 1930 - 13:00 ,Group,Montevideo ,Brazil,4,0,4,Bolivia,25466,BRA,BOL
1930,Uruguay,13,20 Jul 1930 - 15:00 ,Group,Montevideo ,Paraguay,1,0,1,Belgium,12000,PAR,BEL
1930,Uruguay,14,21 Jul 1930 - 14:50 ,Group,Montevideo ,Uruguay,4,0,4,Romania,70022,URU,ROU
1930,Uruguay,15,22 Jul 1930 - 14:45 ,Group,Montevideo ,Argentina,3,1,4,Chile,41459,ARG,CHI
1930,Uruguay,16,26 Jul 1930 - 14:45 ,Semi-finals,Montevideo ,Argentina,6,1,7,USA,72886,ARG,USA
1930,Uruguay,17,27 Jul 1930 - 14:45 ,Semi-finals,Montevideo ,Uruguay,6,1,7,Yugoslavia,79867,URU,YUG
1930,Uruguay,18,30 Jul 1930 - 14:15 ,Final,Montevideo ,Uruguay,4,2,6,Argentina,68346,URU,ARG
1934,Italy,1,27 May 1934 - 16:30 ,Preliminary round,Turin ,Austria,3,2,5,France,16000,AUT,FRA
1934,Italy,2,27 May 1934 - 16:30 ,Preliminary round,Naples ,Hungary,4,2,6,Egypt,9000,HUN,EGY
1934,Italy,3,27 May 1934 - 16:30 ,Preliminary round,Milan ,Switzerland,3,2,5,Netherlands,33000,SUI,NED
1934,Italy,4,27 May 1934 - 16:30 ,Preliminary round,Bologna ,Sweden,3,2,5,Argentina,14000,SWE,ARG
1934,Italy,5,27 May 1934 - 16:30 ,Preliminary round,Florence ,Germany,5,2,7,Belgium,8000,GER,BEL
1934,Italy,6,27 May 1934 - 16:30 ,Preliminary round,Genoa ,Spain,3,1,4,Brazil,21000,ESP,BRA
1934,Italy,7,27 May 1934 - 16:30 ,Preliminary round,Rome ,Italy,7,1,8,USA,25000,ITA,USA
1934,Italy,8,27 May 1934 - 16:30 ,Preliminary round,Trieste ,Czechoslovakia,2,1,3,Romania,9000,TCH,ROU
1934,Italy,9,31 May 1934 - 16:30 ,Quarter-finals,Turin ,Czechoslovakia,3,2,5,Switzerland,12000,TCH,SUI
1934,Italy,10,31 May 1934 - 16:30 ,Quarter-finals,Milan ,Germany,2,1,3,Sweden,3000,GER,SWE
1934,Italy,11,31 May 1934 - 16:30 ,Quarter-finals,Florence ,Italy,1,1,2,Spain,35000,ITA,ESP
1934,Italy,12,31 May 1934 - 16:30 ,Quarter-finals,Bologna ,Austria,2,1,3,Hungary,23000,AUT,HUN
1934,Italy,13,01 Jun 1934 - 16:30 ,Quarter-finals,Florence ,Italy,1,0,1,Spain,43000,ITA,ESP
1934,Italy,14,03 Jun 1934 - 16:30 ,Semi-finals,Milan ,Italy,1,0,1,Austria,35000,ITA,AUT
1934,Italy,15,03 Jun 1934 - 16:30 ,Semi-finals,Rome ,Czechoslovakia,3,1,4,Germany,15000,TCH,GER
1934,Italy,16,07 Jun 1934 - 18:00 ,Match for third place,Naples ,Germany,3,2,5,Austria,7000,GER,AUT
1934,Italy,17,10 Jun 1934 - 17:30 ,Final,Rome ,Italy,2,1,3,Czechoslovakia,55000,ITA,TCH
1938,France,1,04 Jun 1938 - 17:00 ,First round,Paris ,Switzerland,1,1,2,Germany,27152,SUI,GER
1938,France,2,05 Jun 1938 - 17:00 ,First round,Reims ,Hungary,6,0,6,Dutch East Indies,9000,HUN,INH
1938,France,3,05 Jun 1938 - 17:00 ,First round,Colombes ,France,3,1,4,Belgium,30454,FRA,BEL
1938,France,4,05 Jun 1938 - 17:00 ,First round,Toulouse ,Cuba,3,3,6,Romania,7000,CUB,ROU
1938,France,5,05 Jun 1938 - 17:00 ,First round,Marseilles ,Italy,2,1,3,Norway,19000,ITA,NOR
1938,France,6,05 Jun 1938 - 17:30 ,First round,Strasbourg ,Brazil,6,5,11,Poland,13452,BRA,POL
1938,France,7,05 Jun 1938 - 18:30 ,First round,Le Havre ,Czechoslovakia,3,0,3,Netherlands,11000,TCH,NED
1938,France,8,09 Jun 1938 - 18:00 ,First round,Toulouse ,Cuba,2,1,3,Romania,8000,CUB,ROU
1938,France,9,09 Jun 1938 - 18:00 ,First round,Paris ,Switzerland,4,2,6,Germany,20025,SUI,GER
1938,France,10,12 Jun 1938 - 17:00 ,Quarter-finals,Bordeaux ,Brazil,1,1,2,Czechoslovakia,22021,BRA,TCH
1938,France,11,12 Jun 1938 - 17:00 ,Quarter-finals,Lille ,Hungary,2,0,2,Switzerland,15000,HUN,SUI
1938,France,12,12 Jun 1938 - 17:00 ,Quarter-finals,Antibes ,Sweden,8,0,8,Cuba,7000,SWE,CUB
1938,France,13,12 Jun 1938 - 17:00 ,Quarter-finals,Colombes ,Italy,3,1,4,France,58455,ITA,FRA
1938,France,14,14 Jun 1938 - 18:00 ,Quarter-finals,Bordeaux ,Brazil,2,1,3,Czechoslovakia,18141,BRA,TCH
1938,France,15,16 Jun 1938 - 18:00 ,Semi-finals,Paris ,Hungary,5,1,6,Sweden,20000,HUN,SWE
1938,France,16,16 Jun 1938 - 18:00 ,Semi-finals,Marseilles ,Italy,2,1,3,Brazil,33000,ITA,BRA
1938,France,17,19 Jun 1938 - 17:00 ,Match for third place,Bordeaux ,Brazil,4,2,6,Sweden,12000,BRA,SWE
1938,France,18,19 Jun 1938 - 17:00 ,Final,Colombes ,Italy,4,2,6,Hungary,45000,ITA,HUN
1950,Brazil,1,24 Jun 1950 - 15:00 ,Group,Rio De Janeiro ,Brazil,4,0,4,Mexico,81649,BRA,MEX
1950,Brazil,2,25 Jun 1950 - 15:00 ,Group,Rio De Janeiro ,England,2,0,2,Chile,29703,ENG,CHI
1950,Brazil,3,25 Jun 1950 - 15:00 ,Group,Curitiba ,Spain,3,1,4,USA,9511,ESP,USA
1950,Brazil,4,25 Jun 1950 - 15:00 ,Group,Sao Paulo ,Sweden,3,2,5,Italy,36502,SWE,ITA
1950,Brazil,5,25 Jun 1950 - 15:00 ,Group,Belo Horizonte ,Yugoslavia,3,0,3,Switzerland,7336,YUG,SUI
1950,Brazil,6,28 Jun 1950 - 15:00 ,Group,Sao Paulo ,Brazil,2,2,4,Switzerland,42032,BRA,SUI
1950,Brazil,7,28 Jun 1950 - 15:00 ,Group,Porto Alegre ,Yugoslavia,4,1,5,Mexico,11078,YUG,MEX
1950,Brazil,8,29 Jun 1950 - 15:00 ,Group,Rio De Janeiro ,Spain,2,0,2,Chile,19790,ESP,CHI
1950,Brazil,9,29 Jun 1950 - 15:30 ,Group,Curitiba ,Sweden,2,2,4,Paraguay,7903,SWE,PAR
1950,Brazil,10,29 Jun 1950 - 15:00 ,Group,Belo Horizonte ,USA,1,0,1,England,10151,USA,ENG
1950,Brazil,11,01 Jul 1950 - 15:00 ,Group,Rio De Janeiro ,Brazil,2,0,2,Yugoslavia,142429,BRA,YUG
1950,Brazil,12,02 Jul 1950 - 15:00 ,Group,Rio De Janeiro ,Spain,1,0,1,England,74462,ESP,ENG
1950,Brazil,13,02 Jul 1950 - 15:00 ,Group,Sao Paulo ,Italy,2,0,2,Paraguay,25811,ITA,PAR
1950,Brazil,14,02 Jul 1950 - 15:00 ,Group,Belo Horizonte ,Uruguay,8,0,8,Bolivia,5284,URU,BOL
1950,Brazil,15,02 Jul 1950 - 15:40 ,Group,Porto Alegre ,Switzerland,2,1,3,Mexico,3580,SUI,MEX
1950,Brazil,16,02 Jul 1950 - 15:00 ,Group,Recife ,Chile,5,2,7,USA,8501,CHI,USA
1950,Brazil,17,09 Jul 1950 - 15:00 ,Group 6,Sao Paulo ,Uruguay,2,2,4,Spain,44802,URU,ESP
1950,Brazil,18,09 Jul 1950 - 15:00 ,Group 6,Rio De Janeiro ,Brazil,7,1,8,Sweden,138886,BRA,SWE
1950,Brazil,19,13 Jul 1950 - 15:00 ,Group 6,Rio De Janeiro ,Brazil,6,1,7,Spain,152772,BRA,ESP
1950,Brazil,20,13 Jul 1950 - 15:00 ,Group 6,Sao Paulo ,Uruguay,3,2,5,Sweden,7987,URU,SWE
1950,Brazil,21,16 Jul 1950 - 15:00 ,Group 6,Sao Paulo ,Sweden,3,1,4,Spain,11227,SWE,ESP
1950,Brazil,22,16 Jul 1950 - 15:00 ,Group 6,Rio De Janeiro ,Uruguay,2,1,3,Brazil,173850,URU,BRA
1954,Switzerland,1,16 Jun 1954 - 18:00 ,Group,Berne ,Uruguay,2,0,2,Czechoslovakia,20500,URU,TCH
1954,Switzerland,2,16 Jun 1954 - 18:00 ,Group,Zurich ,Austria,1,0,1,Scotland,25000,AUT,SCO
1954,Switzerland,3,16 Jun 1954 - 18:00 ,Group,Geneva ,Brazil,5,0,5,Mexico,13470,BRA,MEX
1954,Switzerland,4,16 Jun 1954 - 18:00 ,Group,Lausanne ,Yugoslavia,1,0,1,France,16000,YUG,FRA
1954,Switzerland,5,17 Jun 1954 - 18:00 ,Group,Berne ,Germany FR,4,1,5,Turkey,28000,FRG,TUR
1954,Switzerland,6,17 Jun 1954 - 18:00 ,Group,Zurich ,Hungary,9,0,9,Korea Republic,13000,HUN,KOR
1954,Switzerland,7,17 Jun 1954 - 18:10 ,Group,Basel ,England,4,4,8,Belgium,14000,ENG,BEL
1954,Switzerland,8,17 Jun 1954 - 17:50 ,Group,Lausanne ,Switzerland,2,1,3,Italy,43000,SUI,ITA
1954,Switzerland,9,19 Jun 1954 - 16:50 ,Group,Basel ,Uruguay,7,0,7,Scotland,34000,URU,SCO
1954,Switzerland,10,19 Jun 1954 - 17:00 ,Group,Zurich ,Austria,5,0,5,Czechoslovakia,26000,AUT,TCH
1954,Switzerland,11,19 Jun 1954 - 17:10 ,Group,Geneva ,France,3,2,5,Mexico,19000,FRA,MEX
1954,Switzerland,12,19 Jun 1954 - 17:00 ,Group,Lausanne ,Brazil,1,1,2,Yugoslavia,24637,BRA,YUG
1954,Switzerland,13,20 Jun 1954 - 16:50 ,Group,Basel ,Hungary,8,3,11,Germany FR,56000,HUN,FRG
1954,Switzerland,14,20 Jun 1954 - 17:00 ,Group,Geneva ,Turkey,7,0,7,Korea Republic,4000,TUR,KOR
1954,Switzerland,15,20 Jun 1954 - 17:10 ,Group,Berne ,England,2,0,2,Switzerland,43500,ENG,SUI
1954,Switzerland,16,20 Jun 1954 - 17:00 ,Group,Lugano ,Italy,4,1,5,Belgium,24000,ITA,BEL
1954,Switzerland,17,23 Jun 1954 - 18:00 ,Group,Zurich ,Germany FR,7,2,9,Turkey,17000,FRG,TUR
1954,Switzerland,18,23 Jun 1954 - 18:00 ,Group,Basel ,Switzerland,4,1,5,Italy,30000,SUI,ITA
1954,Switzerland,19,26 Jun 1954 - 17:00 ,Quarter-finals,Basel ,Uruguay,4,2,6,England,28000,URU,ENG
1954,Switzerland,20,26 Jun 1954 - 17:00 ,Quarter-finals,Lausanne ,Austria,7,5,12,Switzerland,35000,AUT,SUI
1954,Switzerland,21,27 Jun 1954 - 17:00 ,Quarter-finals,Geneva ,Germany FR,2,0,2,Yugoslavia,17000,FRG,YUG
1954,Switzerland,22,27 Jun 1954 - 17:00 ,Quarter-finals,Berne ,Hungary,4,2,6,Brazil,40000,HUN,BRA
1954,Switzerland,23,30 Jun 1954 - 18:00 ,Semi-finals,Basel ,Germany FR,6,1,7,Austria,58000,FRG,AUT
1954,Switzerland,24,30 Jun 1954 - 18:00 ,Semi-finals,Lausanne ,Hungary,4,2,6,Uruguay,45000,HUN,URU
1954,Switzerland,25,03 Jul 1954 - 17:00 ,Match for third place,Zurich ,Austria,3,1,4,Uruguay,32000,AUT,URU
1954,Switzerland,26,04 Jul 1954 - 17:00 ,Final,Berne ,Germany FR,3,2,5,Hungary,62500,FRG,HUN
1958,Sweden,1,08 Jun 1958 - 14:00 ,Group,Solna ,Sweden,3,0,3,Mexico,34107,SWE,MEX
1958,Sweden,2,08 Jun 1958 - 19:00 ,Group,Gothenburg ,Soviet Union,2,2,4,England,49348,URS,ENG
1958,Sweden,3,08 Jun 1958 - 19:00 ,Group,Malm� ,Argentina,1,3,4,Germany FR,31156,ARG,FRG
1958,Sweden,4,08 Jun 1958 - 19:00 ,Group,Sandviken ,Hungary,1,1,2,Wales,15343,HUN,WAL
1958,Sweden,5,08 Jun 1958 - 19:00 ,Group,Norrk�Ping ,France,7,3,10,Paraguay,16518,FRA,PAR
1958,Sweden,6,08 Jun 1958 - 19:00 ,Group,Vasteras ,Yugoslavia,1,1,2,Scotland,9591,YUG,SCO
1958,Sweden,7,08 Jun 1958 - 19:00 ,Group,Udevalla ,Brazil,3,0,3,Austria,17788,BRA,AUT
1958,Sweden,8,08 Jun 1958 - 19:00 ,Group,Halmstad ,Northern Ireland,1,0,1,Czechoslovakia,10647,NIR,TCH
1958,Sweden,9,11 Jun 1958 - 19:00 ,Group,Gothenburg ,Brazil,0,0,0,England,40895,BRA,ENG
1958,Sweden,10,11 Jun 1958 - 19:00 ,Group,Solna ,Mexico,1,1,2,Wales,15150,MEX,WAL
1958,Sweden,11,11 Jun 1958 - 19:00 ,Group,Norrk�Ping ,Paraguay,3,2,5,Scotland,11665,PAR,SCO
1958,Sweden,12,11 Jun 1958 - 19:00 ,Group,Vasteras ,Yugoslavia,3,2,5,France,12217,YUG,FRA
1958,Sweden,13,11 Jun 1958 - 19:00 ,Group,Boras ,Soviet Union,2,0,2,Austria,21239,URS,AUT
1958,Sweden,14,11 Jun 1958 - 19:00 ,Group,Helsingborg ,Germany FR,2,2,4,Czechoslovakia,25000,FRG,TCH
1958,Sweden,15,11 Jun 1958 - 19:00 ,Group,Halmstad ,Argentina,3,1,4,Northern Ireland,14174,ARG,NIR
1958,Sweden,16,12 Jun 1958 - 19:00 ,Group,Solna ,Sweden,2,1,3,Hungary,38850,SWE,HUN
1958,Sweden,17,15 Jun 1958 - 14:00 ,Group,Solna ,Sweden,0,0,0,Wales,30287,SWE,WAL
1958,Sweden,18,15 Jun 1958 - 19:00 ,Group,Gothenburg ,Brazil,2,0,2,Soviet Union,50928,BRA,URS
1958,Sweden,19,15 Jun 1958 - 19:00 ,Group,Malm� ,Germany FR,2,2,4,Northern Ireland,21990,FRG,NIR
1958,Sweden,20,15 Jun 1958 - 19:00 ,Group,Sandviken ,Hungary,4,0,4,Mexico,13300,HUN,MEX
1958,Sweden,21,15 Jun 1958 - 19:00 ,Group,Eskilstuna ,Paraguay,3,3,6,Yugoslavia,13103,PAR,YUG
1958,Sweden,22,15 Jun 1958 - 19:00 ,Group,Orebro ,France,2,1,3,Scotland,13554,FRA,SCO
1958,Sweden,23,15 Jun 1958 - 19:00 ,Group,Boras ,England,2,2,4,Austria,15872,ENG,AUT
1958,Sweden,24,15 Jun 1958 - 19:00 ,Group,Helsingborg ,Czechoslovakia,6,1,7,Argentina,16418,TCH,ARG
1958,Sweden,25,17 Jun 1958 - 19:00 ,Group,Gothenburg ,Soviet Union,1,0,1,England,23182,URS,ENG
1958,Sweden,26,17 Jun 1958 - 19:00 ,Group,Malm� ,Northern Ireland,2,1,3,Czechoslovakia,6196,NIR,TCH
1958,Sweden,27,17 Jun 1958 - 19:00 ,Group,Solna ,Wales,2,1,3,Hungary,2823,WAL,HUN
1958,Sweden,28,19 Jun 1958 - 19:00 ,Quarter-finals,Gothenburg ,Brazil,1,0,1,Wales,25923,BRA,WAL
1958,Sweden,29,19 Jun 1958 - 19:00 ,Quarter-finals,Malm� ,Germany FR,1,0,1,Yugoslavia,20055,FRG,YUG
1958,Sweden,30,19 Jun 1958 - 19:00 ,Quarter-finals,Solna ,Sweden,2,0,2,Soviet Union,31900,SWE,URS
1958,Sweden,31,19 Jun 1958 - 19:00 ,Quarter-finals,Norrk�Ping ,France,4,0,4,Northern Ireland,11800,FRA,NIR
1958,Sweden,32,24 Jun 1958 - 19:00 ,Semi-finals,Gothenburg ,Sweden,3,1,4,Germany FR,49471,SWE,FRG
1958,Sweden,33,24 Jun 1958 - 19:00 ,Semi-finals,Solna ,Brazil,5,2,7,France,27100,BRA,FRA
1958,Sweden,34,28 Jun 1958 - 17:00 ,Match for third place,Gothenburg ,France,6,3,9,Germany FR,32483,FRA,FRG
1958,Sweden,35,29 Jun 1958 - 15:00 ,Final,Solna ,Brazil,5,2,7,Sweden,49737,BRA,SWE
1962,Chile,1,30 May 1962 - 15:00 ,Group,Arica ,Uruguay,2,1,3,Colombia,7908,URU,COL
1962,Chile,2,30 May 1962 - 15:00 ,Group,Vina Del Mar ,Brazil,2,0,2,Mexico,10484,BRA,MEX
1962,Chile,3,30 May 1962 - 15:00 ,Group,Rancagua ,Argentina,1,0,1,Bulgaria,7134,ARG,BUL
1962,Chile,4,30 May 1962 - 15:00 ,Group,Santiago De Chile ,Chile,3,1,4,Switzerland,65006,CHI,SUI
1962,Chile,5,31 May 1962 - 15:00 ,Group,Arica ,Soviet Union,2,0,2,Yugoslavia,9622,URS,YUG
1962,Chile,6,31 May 1962 - 15:00 ,Group,Vina Del Mar ,Czechoslovakia,1,0,1,Spain,12700,TCH,ESP
1962,Chile,7,31 May 1962 - 15:00 ,Group,Rancagua ,Hungary,2,1,3,England,7938,HUN,ENG
1962,Chile,8,31 May 1962 - 15:00 ,Group,Santiago De Chile ,Germany FR,0,0,0,Italy,65440,FRG,ITA
1962,Chile,9,02 Jun 1962 - 15:00 ,Group,Arica ,Yugoslavia,3,1,4,Uruguay,8829,YUG,URU
1962,Chile,10,02 Jun 1962 - 15:00 ,Group,Vina Del Mar ,Brazil,0,0,0,Czechoslovakia,14903,BRA,TCH
1962,Chile,11,02 Jun 1962 - 15:00 ,Group,Rancagua ,England,3,1,4,Argentina,9794,ENG,ARG
1962,Chile,12,02 Jun 1962 - 15:00 ,Group,Santiago De Chile ,Chile,2,0,2,Italy,66057,CHI,ITA
1962,Chile,13,03 Jun 1962 - 15:00 ,Group,Arica ,Soviet Union,4,4,8,Colombia,8040,URS,COL
1962,Chile,14,03 Jun 1962 - 15:00 ,Group,Vina Del Mar ,Spain,1,0,1,Mexico,11875,ESP,MEX
1962,Chile,15,03 Jun 1962 - 15:00 ,Group,Rancagua ,Hungary,6,1,7,Bulgaria,7442,HUN,BUL
1962,Chile,16,03 Jun 1962 - 15:00 ,Group,Santiago De Chile ,Germany FR,2,1,3,Switzerland,64922,FRG,SUI
1962,Chile,17,06 Jun 1962 - 15:00 ,Group,Arica ,Soviet Union,2,1,3,Uruguay,9973,URS,URU
1962,Chile,18,06 Jun 1962 - 15:00 ,Group,Vina Del Mar ,Brazil,2,1,3,Spain,18715,BRA,ESP
1962,Chile,19,06 Jun 1962 - 15:00 ,Group,Rancagua ,Hungary,0,0,0,Argentina,7945,HUN,ARG
1962,Chile,20,06 Jun 1962 - 15:00 ,Group,Santiago De Chile ,Germany FR,2,0,2,Chile,67224,FRG,CHI
1962,Chile,21,07 Jun 1962 - 15:00 ,Group,Arica ,Yugoslavia,5,0,5,Colombia,7167,YUG,COL
1962,Chile,22,07 Jun 1962 - 15:00 ,Group,Vina Del Mar ,Mexico,3,1,4,Czechoslovakia,10648,MEX,TCH
1962,Chile,23,07 Jun 1962 - 15:00 ,Group,Rancagua ,England,0,0,0,Bulgaria,5700,ENG,BUL
1962,Chile,24,07 Jun 1962 - 15:00 ,Group,Santiago De Chile ,Italy,3,0,3,Switzerland,59828,ITA,SUI
1962,Chile,25,10 Jun 1962 - 14:30 ,Quarter-finals,Arica ,Chile,2,1,3,Soviet Union,17268,CHI,URS
1962,Chile,26,10 Jun 1962 - 14:30 ,Quarter-finals,Vina Del Mar ,Brazil,3,1,4,England,17736,BRA,ENG
1962,Chile,27,10 Jun 1962 - 14:30 ,Quarter-finals,Rancagua ,Czechoslovakia,1,0,1,Hungary,11690,TCH,HUN
1962,Chile,28,10 Jun 1962 - 14:30 ,Quarter-finals,Santiago De Chile ,Yugoslavia,1,0,1,Germany FR,63324,YUG,FRG
1962,Chile,29,13 Jun 1962 - 14:30 ,Semi-finals,Vina Del Mar ,Czechoslovakia,3,1,4,Yugoslavia,5890,TCH,YUG
1962,Chile,30,13 Jun 1962 - 14:30 ,Semi-finals,Santiago De Chile ,Brazil,4,2,6,Chile,76594,BRA,CHI
1962,Chile,31,16 Jun 1962 - 14:30 ,Match for third place,Santiago De Chile ,Chile,1,0,1,Yugoslavia,66697,CHI,YUG
1962,Chile,32,17 Jun 1962 - 14:30 ,Final,Santiago De Chile ,Brazil,3,1,4,Czechoslovakia,68679,BRA,TCH
1966,England,1,11 Jul 1966 - 19:30 ,Group,London ,England,0,0,0,Uruguay,87148,ENG,URU
1966,England,2,12 Jul 1966 - 19:30 ,Group,Sheffield ,Germany FR,5,0,5,Switzerland,36127,FRG,SUI
1966,England,3,12 Jul 1966 - 19:30 ,Group,Liverpool ,Brazil,2,0,2,Bulgaria,47308,BRA,BUL
1966,England,4,12 Jul 1966 - 19:30 ,Group,Middlesbrough ,Soviet Union,3,0,3,Korea DPR,23006,URS,PRK
1966,England,5,13 Jul 1966 - 19:30 ,Group,London ,France,1,1,2,Mexico,69237,FRA,MEX
1966,England,6,13 Jul 1966 - 19:30 ,Group,Manchester ,Portugal,3,1,4,Hungary,29886,POR,HUN
1966,England,7,13 Jul 1966 - 19:30 ,Group,Birmingham ,Argentina,2,1,3,Spain,42738,ARG,ESP
1966,England,8,13 Jul 1966 - 19:30 ,Group,Sunderland ,Italy,2,0,2,Chile,27199,ITA,CHI
1966,England,9,15 Jul 1966 - 19:30 ,Group,London ,Uruguay,2,1,3,France,45662,URU,FRA
1966,England,10,15 Jul 1966 - 19:30 ,Group,Sheffield ,Spain,2,1,3,Switzerland,32028,ESP,SUI
1966,England,11,15 Jul 1966 - 19:30 ,Group,Liverpool ,Hungary,3,1,4,Brazil,51387,HUN,BRA
1966,England,12,15 Jul 1966 - 19:30 ,Group,Middlesbrough ,Korea DPR,1,1,2,Chile,13792,PRK,CHI
1966,England,13,16 Jul 1966 - 15:00 ,Group,Manchester ,Portugal,3,0,3,Bulgaria,25438,POR,BUL
1966,England,14,16 Jul 1966 - 15:00 ,Group,Birmingham ,Germany FR,0,0,0,Argentina,46587,FRG,ARG
1966,England,15,16 Jul 1966 - 15:00 ,Group,Sunderland ,Soviet Union,1,0,1,Italy,27793,URS,ITA
1966,England,16,16 Jul 1966 - 19:30 ,Group,London ,England,2,0,2,Mexico,92570,ENG,MEX
1966,England,17,19 Jul 1966 - 16:30 ,Group,London ,Uruguay,0,0,0,Mexico,61112,URU,MEX
1966,England,18,19 Jul 1966 - 19:30 ,Group,Sheffield ,Argentina,2,0,2,Switzerland,32127,ARG,SUI
1966,England,19,19 Jul 1966 - 19:30 ,Group,Liverpool ,Portugal,3,1,4,Brazil,58479,POR,BRA
1966,England,20,19 Jul 1966 - 19:30 ,Group,Middlesbrough ,Korea DPR,1,0,1,Italy,17829,PRK,ITA
1966,England,21,20 Jul 1966 - 19:30 ,Group,London ,England,2,0,2,France,98270,ENG,FRA
1966,England,22,20 Jul 1966 - 19:30 ,Group,Manchester ,Hungary,3,1,4,Bulgaria,24129,HUN,BUL
1966,England,23,20 Jul 1966 - 19:30 ,Group,Birmingham ,Germany FR,2,1,3,Spain,42187,FRG,ESP
1966,England,24,20 Jul 1966 - 19:30 ,Group,Sunderland ,Soviet Union,2,1,3,Chile,16027,URS,CHI
1966,England,25,23 Jul 1966 - 15:00 ,Quarter-finals,London ,England,1,0,1,Argentina,90584,ENG,ARG
1966,England,26,23 Jul 1966 - 15:00 ,Quarter-finals,Sheffield ,Germany FR,4,0,4,Uruguay,40007,FRG,URU
1966,England,27,23 Jul 1966 - 15:00 ,Quarter-finals,Sunderland ,Soviet Union,2,1,3,Hungary,26844,URS,HUN
1966,England,28,23 Jul 1966 - 15:00 ,Quarter-finals,Liverpool ,Portugal,5,3,8,Korea DPR,40248,POR,PRK
1966,England,29,25 Jul 1966 - 19:30 ,Semi-finals,Liverpool ,Germany FR,2,1,3,Soviet Union,38273,FRG,URS
1966,England,30,26 Jul 1966 - 19:30 ,Semi-finals,London ,England,2,1,3,Portugal,94493,ENG,POR
1966,England,31,28 Jul 1966 - 19:30 ,Match for third place,London ,Portugal,2,1,3,Soviet Union,87696,POR,URS
1966,England,32,30 Jul 1966 - 15:00 ,Final,London ,England,4,2,6,Germany FR,96924,ENG,FRG
1970,Mexico,1,31 May 1970 - 12:00 ,Group,Mexico City ,Mexico,0,0,0,Soviet Union,107160,MEX,URS
1970,Mexico,2,02 Jun 1970 - 16:00 ,Group,Puebla ,Uruguay,2,0,2,Israel,20654,URU,ISR
1970,Mexico,3,02 Jun 1970 - 16:00 ,Group,Leon ,Peru,3,2,5,Bulgaria,13765,PER,BUL
1970,Mexico,4,02 Jun 1970 - 16:00 ,Group,Guadalajara ,England,1,0,1,Romania,50560,ENG,ROU
1970,Mexico,5,03 Jun 1970 - 16:00 ,Group,Toluca ,Italy,1,0,1,Sweden,13433,ITA,SWE
1970,Mexico,6,03 Jun 1970 - 16:00 ,Group,Leon ,Germany FR,2,1,3,Morocco,12942,FRG,MAR
1970,Mexico,7,03 Jun 1970 - 16:00 ,Group,Guadalajara ,Brazil,4,1,5,Czechoslovakia,52897,BRA,TCH
1970,Mexico,8,03 Jun 1970 - 16:00 ,Group,Mexico City ,Belgium,3,0,3,El Salvador,92205,BEL,SLV
1970,Mexico,9,06 Jun 1970 - 16:00 ,Group,Puebla ,Uruguay,0,0,0,Italy,29968,URU,ITA
1970,Mexico,10,06 Jun 1970 - 16:00 ,Group,Leon ,Peru,3,0,3,Morocco,13537,PER,MAR
1970,Mexico,11,06 Jun 1970 - 16:00 ,Group,Guadalajara ,Romania,2,1,3,Czechoslovakia,56818,ROU,TCH
1970,Mexico,12,06 Jun 1970 - 16:00 ,Group,Mexico City ,Soviet Union,4,1,5,Belgium,95261,URS,BEL
1970,Mexico,13,07 Jun 1970 - 12:00 ,Group,Toluca ,Sweden,1,1,2,Israel,9624,SWE,ISR
1970,Mexico,14,07 Jun 1970 - 12:00 ,Group,Leon ,Germany FR,5,2,7,Bulgaria,12710,FRG,BUL
1970,Mexico,15,07 Jun 1970 - 12:00 ,Group,Guadalajara ,Brazil,1,0,1,England,66843,BRA,ENG
1970,Mexico,16,07 Jun 1970 - 12:00 ,Group,Mexico City ,Mexico,4,0,4,El Salvador,103058,MEX,SLV
1970,Mexico,17,10 Jun 1970 - 16:00 ,Group,Puebla ,Sweden,1,0,1,Uruguay,18163,SWE,URU
1970,Mexico,18,10 Jun 1970 - 16:00 ,Group,Leon ,Germany FR,3,1,4,Peru,17875,FRG,PER
1970,Mexico,19,10 Jun 1970 - 16:00 ,Group,Guadalajara ,Brazil,3,2,5,Romania,50804,BRA,ROU
1970,Mexico,20,10 Jun 1970 - 16:00 ,Group,Mexico City ,Soviet Union,2,0,2,El Salvador,89979,URS,SLV
1970,Mexico,21,11 Jun 1970 - 16:00 ,Group,Toluca ,Italy,0,0,0,Israel,9890,ITA,ISR
1970,Mexico,22,11 Jun 1970 - 16:00 ,Group,Leon ,Bulgaria,1,1,2,Morocco,12299,BUL,MAR
1970,Mexico,23,11 Jun 1970 - 16:00 ,Group,Guadalajara ,England,1,0,1,Czechoslovakia,49292,ENG,TCH
1970,Mexico,24,11 Jun 1970 - 16:00 ,Group,Mexico City ,Mexico,1,0,1,Belgium,108192,MEX,BEL
1970,Mexico,25,14 Jun 1970 - 12:00 ,Quarter-finals,Toluca ,Italy,4,1,5,Mexico,26851,ITA,MEX
1970,Mexico,26,14 Jun 1970 - 12:00 ,Quarter-finals,Leon ,Germany FR,3,2,5,England,23357,FRG,ENG
1970,Mexico,27,14 Jun 1970 - 12:00 ,Quarter-finals,Guadalajara ,Brazil,4,2,6,Peru,54233,BRA,PER
1970,Mexico,28,14 Jun 1970 - 12:00 ,Quarter-finals,Mexico City ,Uruguay,1,0,1,Soviet Union,26085,URU,URS
1970,Mexico,29,17 Jun 1970 - 16:00 ,Semi-finals,Guadalajara ,Brazil,3,1,4,Uruguay,51261,BRA,URU
1970,Mexico,30,17 June 1970 - 16:00 ,Semi-finals,Mexico City ,Italy,4,3,7,Germany FR,102444,ITA,FRG
1970,Mexico,31,20 Jun 1970 - 16:00 ,Match for third place,Mexico City ,Germany FR,1,0,1,Uruguay,104403,FRG,URU
1970,Mexico,32,21 Jun 1970 - 12:00 ,Final,Mexico City ,Brazil,4,1,5,Italy,107412,BRA,ITA
1974,Germany,1,13 Jun 1974 - 17:00 ,Group,Frankfurt/Main ,Brazil,0,0,0,Yugoslavia,62000,BRA,YUG
1974,Germany,2,14 Jun 1974 - 16:00 ,Group,Berlin West ,Germany FR,1,0,1,Chile,81100,FRG,CHI
1974,Germany,3,14 Jun 1974 - 19:30 ,Group,Hamburg ,German DR,2,0,2,Australia,17000,GDR,AUS
1974,Germany,4,14 Jun 1974 - 19:30 ,Group,Dortmund ,Zaire,0,2,2,Scotland,27000,ZAI,SCO
1974,Germany,5,15 Jun 1974 - 16:00 ,Group,Hanover ,Uruguay,0,2,2,Netherlands,55100,URU,NED
1974,Germany,6,15 Jun 1974 - 16:00 ,Group,D�Sseldorf ,Sweden,0,0,0,Bulgaria,23800,SWE,BUL
1974,Germany,7,15 Jun 1974 - 18:00 ,Group,Munich ,Italy,3,1,4,Haiti,53000,ITA,HAI
1974,Germany,8,15 Jun 1974 - 18:00 ,Group,Stuttgart ,Poland,3,2,5,Argentina,32700,POL,ARG
1974,Germany,9,18 Jun 1974 - 16:00 ,Group,Hamburg ,Australia,0,3,3,Germany FR,53300,AUS,FRG
1974,Germany,10,18 Jun 1974 - 19:30 ,Group,Frankfurt/Main ,Scotland,0,0,0,Brazil,62000,SCO,BRA
1974,Germany,11,18 Jun 1974 - 19:30 ,Group,Berlin West ,Chile,1,1,2,German DR,28300,CHI,GDR
1974,Germany,12,18 Jun 1974 - 19:30 ,Group,Gelsenkirchen ,Yugoslavia,9,0,9,Zaire,31700,YUG,ZAI
1974,Germany,13,19 Jun 1974 - 19:30 ,Group,Dortmund ,Netherlands,0,0,0,Sweden,53700,NED,SWE
1974,Germany,14,19 Jun 1974 - 19:30 ,Group,Hanover ,Bulgaria,1,1,2,Uruguay,13400,BUL,URU
1974,Germany,15,19 Jun 1974 - 19:30 ,Group,Munich ,Haiti,0,7,7,Poland,25300,HAI,POL
1974,Germany,16,19 Jun 1974 - 19:30 ,Group,Stuttgart ,Argentina,1,1,2,Italy,70100,ARG,ITA
1974,Germany,17,22 Jun 1974 - 16:00 ,Group,Frankfurt/Main ,Scotland,1,1,2,Yugoslavia,56000,SCO,YUG
1974,Germany,18,22 Jun 1974 - 16:00 ,Group,Berlin West ,Australia,0,0,0,Chile,17400,AUS,CHI
1974,Germany,19,22 Jun 1974 - 16:00 ,Group,Gelsenkirchen ,Zaire,0,3,3,Brazil,36200,ZAI,BRA
1974,Germany,20,22 June 1974 - 19:30 ,Group,Hamburg ,German DR,1,0,1,Germany FR,60200,GDR,FRG
1974,Germany,21,23 Jun 1974 - 16:00 ,Group,Dortmund ,Bulgaria,1,4,5,Netherlands,53300,BUL,NED
1974,Germany,22,23 Jun 1974 - 16:00 ,Group,Munich ,Argentina,4,1,5,Haiti,25900,ARG,HAI
1974,Germany,23,23 Jun 1974 - 16:00 ,Group,D�Sseldorf ,Sweden,3,0,3,Uruguay,28300,SWE,URU
1974,Germany,24,23 Jun 1974 - 16:00 ,Group,Stuttgart ,Poland,2,1,3,Italy,70100,POL,ITA
1974,Germany,25,26 Jun 1974 - 16:00 ,Group B,D�Sseldorf ,Yugoslavia,0,2,2,Germany FR,67385,YUG,FRG
1974,Germany,26,26 Jun 1974 - 19:30 ,Group A,Hanover ,Brazil,1,0,1,German DR,59863,BRA,GDR
1974,Germany,27,26 Jun 1974 - 19:30 ,Group A,Gelsenkirchen ,Netherlands,4,0,4,Argentina,56548,NED,ARG
1974,Germany,28,26 Jun 1974 - 19:30 ,Group B,Stuttgart ,Sweden,0,1,1,Poland,44955,SWE,POL
1974,Germany,29,30 Jun 1974 - 16:00 ,Group A,Hanover ,Argentina,1,2,3,Brazil,39400,ARG,BRA
1974,Germany,30,30 Jun 1974 - 16:00 ,Group B,Frankfurt/Main ,Poland,2,1,3,Yugoslavia,58000,POL,YUG
1974,Germany,31,30 Jun 1974 - 16:00 ,Group A,Gelsenkirchen ,German DR,0,2,2,Netherlands,68348,GDR,NED
1974,Germany,32,30 Jun 1974 - 19:30 ,Group B,D�Sseldorf ,Germany FR,4,2,6,Sweden,67800,FRG,SWE
1974,Germany,33,03 Jul 1974 - 17:00 ,Group B,Frankfurt/Main ,Poland,0,1,1,Germany FR,62000,POL,FRG
1974,Germany,34,03 Jul 1974 - 19:30 ,Group A,Dortmund ,Netherlands,2,0,2,Brazil,53700,NED,BRA
1974,Germany,35,03 Jul 1974 - 19:30 ,Group A,Gelsenkirchen ,Argentina,1,1,2,German DR,54254,ARG,GDR
1974,Germany,36,03 Jul 1974 - 19:30 ,Group B,D�Sseldorf ,Sweden,2,1,3,Yugoslavia,41300,SWE,YUG
1974,Germany,37,06 Jul 1974 - 16:00 ,Match for third place,Munich ,Brazil,0,1,1,Poland,77100,BRA,POL
1974,Germany,38,07 July 1974 - 16:00 ,Final,Munich ,Netherlands,1,2,3,Germany FR,78200,NED,FRG
1978,Argentina,1,01 Jun 1978 - 15:00 ,Group,Buenos Aires ,Germany FR,0,0,0,Poland,67579,FRG,POL
1978,Argentina,2,02 Jun 1978 - 13:45 ,Group,Mar Del Plata ,Italy,2,1,3,France,42373,ITA,FRA
1978,Argentina,3,02 Jun 1978 - 16:45 ,Group,Rosario ,Tunisia,3,1,4,Mexico,17396,TUN,MEX
1978,Argentina,4,02 Jun 1978 - 19:15 ,Group,Buenos Aires ,Argentina,2,1,3,Hungary,71615,ARG,HUN
1978,Argentina,5,03 Jun 1978 - 13:45 ,Group,Mar Del Plata ,Sweden,1,1,2,Brazil,32569,SWE,BRA
1978,Argentina,6,03 Jun 1978 - 13:45 ,Group,Buenos Aires ,Austria,2,1,3,Spain,40841,AUT,ESP
1978,Argentina,7,03 Jun 1978 - 16:45 ,Group,Cordoba ,Peru,3,1,4,Scotland,37927,PER,SCO
1978,Argentina,8,03 Jun 1978 - 16:45 ,Group,Mendoza ,Netherlands,3,0,3,IR Iran,33431,NED,IRN
1978,Argentina,9,06 Jun 1978 - 13:45 ,Group,Mar Del Plata ,Italy,3,1,4,Hungary,26533,ITA,HUN
1978,Argentina,10,06 Jun 1978 - 16:45 ,Group,Rosario ,Poland,1,0,1,Tunisia,9624,POL,TUN
1978,Argentina,11,06 Jun 1978 - 16:45 ,Group,Cordoba ,Germany FR,6,0,6,Mexico,35258,FRG,MEX
1978,Argentina,12,06 Jun 1978 - 19:15 ,Group,Buenos Aires ,Argentina,2,1,3,France,71666,ARG,FRA
1978,Argentina,13,07 Jun 1978 - 13:45 ,Group,Mar Del Plata ,Brazil,0,0,0,Spain,34771,BRA,ESP
1978,Argentina,14,07 Jun 1978 - 13:45 ,Group,Buenos Aires ,Austria,1,0,1,Sweden,41424,AUT,SWE
1978,Argentina,15,07 Jun 1978 - 16:45 ,Group,Cordoba ,Scotland,1,1,2,IR Iran,7938,SCO,IRN
1978,Argentina,16,07 Jun 1978 - 16:45 ,Group,Mendoza ,Netherlands,0,0,0,Peru,28125,NED,PER
1978,Argentina,17,10 Jun 1978 - 15:10 ,Group,Mar Del Plata ,France,3,1,4,Hungary,23127,FRA,HUN
1978,Argentina,18,10 Jun 1978 - 16:45 ,Group,Rosario ,Poland,3,1,4,Mexico,22651,POL,MEX
1978,Argentina,19,10 Jun 1978 - 16:45 ,Group,Cordoba ,Germany FR,0,0,0,Tunisia,30667,FRG,TUN
1978,Argentina,20,10 Jun 1978 - 19:15 ,Group,Buenos Aires ,Italy,1,0,1,Argentina,71712,ITA,ARG
1978,Argentina,21,11 Jun 1978 - 13:45 ,Group,Mar Del Plata ,Brazil,1,0,1,Austria,35221,BRA,AUT
1978,Argentina,22,11 Jun 1978 - 13:45 ,Group,Buenos Aires ,Spain,1,0,1,Sweden,42132,ESP,SWE
1978,Argentina,23,11 Jun 1978 - 16:45 ,Group,Cordoba ,Peru,4,1,5,Iran,21262,PER,IRN
1978,Argentina,24,11 Jun 1978 - 16:45 ,Group,Mendoza ,Scotland,3,2,5,Netherlands,35130,SCO,NED
1978,Argentina,25,14 Jun 1978 - 13:45 ,Group A,Buenos Aires ,Germany FR,0,0,0,Italy,67547,FRG,ITA
1978,Argentina,26,14 Jun 1978 - 13:45 ,Group A,Cordoba ,Netherlands,5,1,6,Austria,25050,NED,AUT
1978,Argentina,27,14 Jun 1978 - 16:45 ,Group B,Mendoza ,Brazil,3,0,3,Peru,31278,BRA,PER
1978,Argentina,28,14 Jun 1978 - 19:15 ,Group B,Rosario ,Argentina,2,0,2,Poland,37091,ARG,POL
1978,Argentina,29,18 Jun 1978 - 13:45 ,Group B,Mendoza ,Poland,1,0,1,Peru,35288,POL,PER
1978,Argentina,30,18 Jun 1978 - 16:45 ,Group A,Buenos Aires ,Italy,1,0,1,Austria,66695,ITA,AUT
1978,Argentina,31,18 Jun 1978 - 16:45 ,Group A,Cordoba ,Germany FR,2,2,4,Netherlands,40750,FRG,NED
1978,Argentina,32,18 Jun 1978 - 19:15 ,Group B,Rosario ,Argentina,0,0,0,Brazil,37326,ARG,BRA
1978,Argentina,33,21 Jun 1978 - 13:45 ,Group A,Buenos Aires ,Netherlands,2,1,3,Italy,67433,NED,ITA
1978,Argentina,34,21 Jun 1978 - 13:45 ,Group A,Cordoba ,Austria,3,2,5,Germany FR,38318,AUT,FRG
1978,Argentina,35,21 Jun 1978 - 16:45 ,Group B,Mendoza ,Brazil,3,1,4,Poland,39586,BRA,POL
1978,Argentina,36,21 Jun 1978 - 19:15 ,Group B,Rosario ,Argentina,6,0,6,Peru,37315,ARG,PER
1978,Argentina,37,24 Jun 1978 - 15:00 ,Match for third place,Buenos Aires ,Brazil,2,1,3,Italy,69659,BRA,ITA
1978,Argentina,38,25 Jun 1978 - 15:00 ,Final,Buenos Aires ,Argentina,3,1,4,Netherlands,71483,ARG,NED
1982,Spain,1,13 Jun 1982 - 20:00 ,Group,Barcelona ,Argentina,0,1,1,Belgium,95000,ARG,BEL
1982,Spain,2,14 Jun 1982 - 17:15 ,Group,Vigo ,Italy,0,0,0,Poland,33000,ITA,POL
1982,Spain,3,14 Jun 1982 - 21:00 ,Group 6,Seville ,Brazil,2,1,3,Soviet Union,68000,BRA,URS
1982,Spain,4,15 Jun 1982 - 17:15 ,Group,La Coru�A ,Peru,0,0,0,Cameroon,11000,PER,CMR
1982,Spain,5,15 Jun 1982 - 21:00 ,Group,Elche ,Hungary,10,1,11,El Salvador,23000,HUN,SLV
1982,Spain,6,15 Jun 1982 - 21:00 ,Group 6,Malaga ,Scotland,5,2,7,New Zealand,36000,SCO,NZL
1982,Spain,7,16 Jun 1982 - 17:15 ,Group,Gijon ,Germany FR,1,2,3,Algeria,42000,FRG,ALG
1982,Spain,8,16 Jun 1982 - 17:15 ,Group,Bilbao ,England,3,1,4,France,44172,ENG,FRA
1982,Spain,9,16 Jun 1982 - 21:00 ,Group 5,Valencia ,Spain,1,1,2,Honduras,49562,ESP,HON
1982,Spain,10,17 Jun 1982 - 17:15 ,Group,Oviedo ,Chile,0,1,1,Austria,22500,CHI,AUT
1982,Spain,11,17 Jun 1982 - 17:45 ,Group,Valladolid ,Czechoslovakia,1,1,2,Kuwait,25000,TCH,KUW
1982,Spain,12,17 Jun 1982 - 21:00 ,Group 5,Zaragoza ,Yugoslavia,0,0,0,Northern Ireland,25000,YUG,NIR
1982,Spain,13,18 Jun 1982 - 17:15 ,Group,Vigo ,Italy,1,1,2,Peru,25000,ITA,PER
1982,Spain,14,18 Jun 1982 - 21:00 ,Group,Alicante ,Argentina,4,1,5,Hungary,32093,ARG,HUN
1982,Spain,15,18 Jun 1982 - 21:00 ,Group 6,Seville ,Brazil,4,1,5,Scotland,47379,BRA,SCO
1982,Spain,16,19 Jun 1982 - 19:15 ,Group,La Coru�A ,Poland,0,0,0,Cameroon,19000,POL,CMR
1982,Spain,17,19 Jun 1982 - 21:00 ,Group,Elche ,Belgium,1,0,1,El Salvador,15000,BEL,SLV
1982,Spain,18,19 Jun 1982 - 21:00 ,Group 6,Malaga ,Soviet Union,3,0,3,New Zealand,19000,URS,NZL
1982,Spain,19,20 Jun 1982 - 17:15 ,Group,Gijon ,Germany FR,4,1,5,Chile,42000,FRG,CHI
1982,Spain,20,20 Jun 1982 - 17:15 ,Group,Bilbao ,England,2,0,2,Czechoslovakia,41123,ENG,TCH
1982,Spain,21,20 Jun 1982 - 21:00 ,Group 5,Valencia ,Spain,2,1,3,Yugoslavia,48000,ESP,YUG
1982,Spain,22,21 Jun 1982 - 17:15 ,Group,Oviedo ,Algeria,0,2,2,Austria,22000,ALG,AUT
1982,Spain,23,21 Jun 1982 - 17:15 ,Group,Valladolid ,France,4,1,5,Kuwait,30043,FRA,KUW
1982,Spain,24,21 Jun 1982 - 21:00 ,Group 5,Zaragoza ,Honduras,1,1,2,Northern Ireland,15000,HON,NIR
1982,Spain,25,22 Jun 1982 - 17:15 ,Group,La Coru�A ,Poland,5,1,6,Peru,25000,POL,PER
1982,Spain,26,22 Jun 1982 - 21:00 ,Group,Elche ,Belgium,1,1,2,Hungary,37000,BEL,HUN
1982,Spain,27,22 Jun 1982 - 21:00 ,Group 6,Malaga ,Soviet Union,2,2,4,Scotland,45000,URS,SCO
1982,Spain,28,23 Jun 1982 - 17:15 ,Group,Vigo ,Italy,1,1,2,Cameroon,20000,ITA,CMR
1982,Spain,29,23 Jun 1982 - 21:00 ,Group,Alicante ,Argentina,2,0,2,El Salvador,32500,ARG,SLV
1982,Spain,30,23 Jun 1982 - 21:00 ,Group 6,Seville ,Brazil,4,0,4,New Zealand,43000,BRA,NZL
1982,Spain,31,24 Jun 1982 - 17:15 ,Group,Oviedo ,Algeria,3,2,5,Chile,16000,ALG,CHI
1982,Spain,32,24 Jun 1982 - 17:15 ,Group,Valladolid ,France,1,1,2,Czechoslovakia,28000,FRA,TCH
1982,Spain,33,24 Jun 1982 - 21:00 ,Group 5,Zaragoza ,Honduras,0,1,1,Yugoslavia,25000,HON,YUG
1982,Spain,34,25 Jun 1982 - 17:15 ,Group,Gijon ,Germany FR,1,0,1,Austria,41000,FRG,AUT
1982,Spain,35,25 Jun 1982 - 17:15 ,Group,Bilbao ,England,1,0,1,Kuwait,39700,ENG,KUW
1982,Spain,36,25 Jun 1982 - 21:00 ,Group 5,Valencia ,Northern Ireland,1,0,1,Spain,49562,NIR,ESP
1982,Spain,37,28 Jun 1982 - 17:15 ,Group,Madrid ,Austria,0,1,1,France,37000,AUT,FRA
1982,Spain,38,28 Jun 1982 - 21:00 ,Group,Barcelona ,Poland,3,0,3,Belgium,65000,POL,BEL
1982,Spain,39,29 Jun 1982 - 17:15 ,Group,Barcelona ,Italy,2,1,3,Argentina,43000,ITA,ARG
1982,Spain,40,29 Jun 1982 - 21:00 ,Group,Madrid ,Germany FR,0,0,0,England,75000,FRG,ENG
1982,Spain,41,01 Jul 1982 - 17:15 ,Group,Madrid ,Austria,2,2,4,Northern Ireland,20000,AUT,NIR
1982,Spain,42,01 Jul 1982 - 21:00 ,Group,Barcelona ,Belgium,0,1,1,Soviet Union,45000,BEL,URS
1982,Spain,43,02 Jul 1982 - 17:15 ,Group,Barcelona ,Argentina,1,3,4,Brazil,44000,ARG,BRA
1982,Spain,44,02 Jul 1982 - 21:00 ,Group,Madrid ,Germany FR,2,1,3,Spain,90089,FRG,ESP
1982,Spain,45,04 Jul 1982 - 17:15 ,Group,Madrid ,France,4,1,5,Northern Ireland,37000,FRA,NIR
1982,Spain,46,04 Jul 1982 - 21:00 ,Group,Barcelona ,Poland,0,0,0,Soviet Union,65000,POL,URS
1982,Spain,47,05 Jul 1982 - 17:15 ,Group,Barcelona ,Italy,3,2,5,Brazil,44000,ITA,BRA
1982,Spain,48,05 Jul 1982 - 21:00 ,Group,Madrid ,Spain,0,0,0,England,75000,ESP,ENG
1982,Spain,49,08 Jul 1982 - 17:15 ,Semi-finals,Barcelona ,Poland,0,2,2,Italy,50000,POL,ITA
1982,Spain,50,08 Jul 1982 - 21:00 ,Semi-finals,Seville ,Germany FR,3,3,6,France,70000,FRG,FRA
1982,Spain,51,10 Jul 1982 - 20:00 ,Match for third place,Alicante ,Poland,3,2,5,France,28000,POL,FRA
1982,Spain,52,11 Jul 1982 - 20:00 ,Final,Madrid ,Italy,3,1,4,Germany FR,90000,ITA,FRG
1986,Mexico,1,31 May 1986 - 12:00 ,Group A,Mexico City ,Bulgaria,1,1,2,Italy,96000,BUL,ITA
1986,Mexico,2,01 Jun 1986 - 16:00 ,Group C,Leon ,Canada,0,1,1,France,65500,CAN,FRA
1986,Mexico,3,01 Jun 1986 - 12:00 ,Group D,Guadalajara ,Spain,0,1,1,Brazil,35748,ESP,BRA
1986,Mexico,4,02 Jun 1986 - 12:00 ,Group C,Irapuato ,Soviet Union,6,0,6,Hungary,16500,URS,HUN
1986,Mexico,5,02 Jun 1986 - 12:00 ,Group A,Mexico City ,Argentina,3,1,4,Korea Republic,60000,ARG,KOR
1986,Mexico,6,02 Jun 1986 - 16:00 ,Group F,Monterrey ,Morocco,0,0,0,Poland,19900,MAR,POL
1986,Mexico,7,03 Jun 1986 - 12:00 ,Group D,Guadalajara ,Algeria,1,1,2,Northern Ireland,22000,ALG,NIR
1986,Mexico,8,03 Jun 1986 - 12:00 ,Group B,Mexico City ,Belgium,1,2,3,Mexico,110000,BEL,MEX
1986,Mexico,9,03 Jun 1986 - 16:00 ,Group F,Monterrey ,Portugal,1,0,1,England,23000,POR,ENG
1986,Mexico,10,04 Jun 1986 - 12:00 ,Group B,Toluca ,Paraguay,1,0,1,Iraq,24000,PAR,IRQ
1986,Mexico,11,04 Jun 1986 - 16:00 ,Group E,Nezahualcoyotl ,Scotland,0,1,1,Denmark,18000,SCO,DEN
1986,Mexico,12,04 Jun 1986 - 12:00 ,Group E,Queretaro ,Uruguay,1,1,2,Germany FR,30500,URU,FRG
1986,Mexico,13,05 Jun 1986 - 12:00 ,Group A,Puebla ,Italy,1,1,2,Argentina,32000,ITA,ARG
1986,Mexico,14,05 Jun 1986 - 12:00 ,Group C,Leon ,France,1,1,2,Soviet Union,36540,FRA,URS
1986,Mexico,15,05 Jun 1986 - 16:00 ,Group A,Mexico City ,Korea Republic,1,1,2,Bulgaria,45000,KOR,BUL
1986,Mexico,16,06 Jun 1986 - 12:00 ,Group C,Irapuato ,Hungary,2,0,2,Canada,13800,HUN,CAN
1986,Mexico,17,06 Jun 1986 - 12:00 ,Group D,Guadalajara ,Brazil,1,0,1,Algeria,48000,BRA,ALG
1986,Mexico,18,06 Jun 1986 - 16:00 ,Group F,Monterrey ,England,0,0,0,Morocco,20200,ENG,MAR
1986,Mexico,19,07 Jun 1986 - 12:00 ,Group D,Guadalajara ,Northern Ireland,1,2,3,Spain,28000,NIR,ESP
1986,Mexico,20,07 Jun 1986 - 12:00 ,Group B,Mexico City ,Mexico,1,1,2,Paraguay,114600,MEX,PAR
1986,Mexico,21,07 Jun 1986 - 16:00 ,Group F,Monterrey ,Poland,1,0,1,Portugal,19915,POL,POR
1986,Mexico,22,08 Jun 1986 - 12:00 ,Group B,Toluca ,Iraq,1,2,3,Belgium,20000,IRQ,BEL
1986,Mexico,23,08 Jun 1986 - 16:00 ,Group E,Nezahualcoyotl ,Denmark,6,1,7,Uruguay,26500,DEN,URU
1986,Mexico,24,08 Jun 1986 - 12:00 ,Group E,Queretaro ,Germany FR,2,1,3,Scotland,30000,FRG,SCO
1986,Mexico,25,09 Jun 1986 - 12:00 ,Group C,Leon ,Hungary,0,3,3,France,31420,HUN,FRA
1986,Mexico,26,09 Jun 1986 - 12:00 ,Group C,Irapuato ,Soviet Union,2,0,2,Canada,14200,URS,CAN
1986,Mexico,27,10 Jun 1986 - 12:00 ,Group A,Puebla ,Korea Republic,2,3,5,Italy,20000,KOR,ITA
1986,Mexico,28,10 Jun 1986 - 12:00 ,Group A,Mexico City ,Argentina,2,0,2,Bulgaria,65000,ARG,BUL
1986,Mexico,29,11 Jun 1986 - 12:00 ,Group B,Toluca ,Paraguay,2,2,4,Belgium,16000,PAR,BEL
1986,Mexico,30,11 Jun 1986 - 12:00 ,Group B,Mexico City ,Iraq,0,1,1,Mexico,103763,IRQ,MEX
1986,Mexico,31,11 Jun 1986 - 16:00 ,Group F,Guadalajara ,Portugal,1,3,4,Morocco,28000,POR,MAR
1986,Mexico,32,11 Jun 1986 - 16:00 ,Group F,Monterrey ,England,3,0,3,Poland,22700,ENG,POL
1986,Mexico,33,12 Jun 1986 - 12:00 ,Group D,Guadalajara ,Northern Ireland,0,3,3,Brazil,51000,NIR,BRA
1986,Mexico,34,12 Jun 1986 - 12:00 ,Group D,Monterrey ,Algeria,0,3,3,Spain,23980,ALG,ESP
1986,Mexico,35,13 Jun 1986 - 12:00 ,Group E,Nezahualcoyotl ,Scotland,0,0,0,Uruguay,20000,SCO,URU
1986,Mexico,36,13 Jun 1986 - 12:00 ,Group E,Queretaro ,Denmark,2,0,2,Germany FR,36000,DEN,FRG
1986,Mexico,37,15 Jun 1986 - 16:00 ,Round of 16,Leon ,Soviet Union,3,4,7,Belgium,32277,URS,BEL
1986,Mexico,38,15 Jun 1986 - 12:00 ,Round of 16,Mexico City ,Mexico,2,0,2,Bulgaria,114580,MEX,BUL
1986,Mexico,39,16 Jun 1986 - 16:00 ,Round of 16,Puebla ,Argentina,1,0,1,Uruguay,26000,ARG,URU
1986,Mexico,40,16 Jun 1986 - 12:00 ,Round of 16,Guadalajara ,Brazil,4,0,4,Poland,45000,BRA,POL
1986,Mexico,41,17 Jun 1986 - 12:00 ,Round of 16,Mexico City ,Italy,0,2,2,France,70000,ITA,FRA
1986,Mexico,42,17 Jun 1986 - 16:00 ,Round of 16,Monterrey ,Morocco,0,1,1,Germany FR,19800,MAR,FRG
1986,Mexico,43,18 Jun 1986 - 12:00 ,Round of 16,Mexico City ,England,3,0,3,Paraguay,98728,ENG,PAR
1986,Mexico,44,18 Jun 1986 - 16:00 ,Round of 16,Queretaro ,Denmark,1,5,6,Spain,38500,DEN,ESP
1986,Mexico,45,21 Jun 1986 - 12:00 ,Quarter-finals,Guadalajara ,Brazil,1,1,2,France,65000,BRA,FRA
1986,Mexico,46,21 Jun 1986 - 16:00 ,Quarter-finals,Monterrey ,Germany FR,0,0,0,Mexico,41700,FRG,MEX
1986,Mexico,47,22 Jun 1986 - 16:00 ,Quarter-finals,Puebla ,Spain,1,1,2,Belgium,45000,ESP,BEL
1986,Mexico,48,22 Jun 1986 - 12:00 ,Quarter-finals,Mexico City ,Argentina,2,1,3,England,114580,ARG,ENG
1986,Mexico,49,25 Jun 1986 - 12:00 ,Semi-finals,Guadalajara ,France,0,2,2,Germany FR,45000,FRA,FRG
1986,Mexico,50,25 Jun 1986 - 16:00 ,Semi-finals,Mexico City ,Argentina,2,0,2,Belgium,114500,ARG,BEL
1986,Mexico,51,28 Jun 1986 - 12:00 ,Match for third place,Puebla ,France,4,2,6,Belgium,21000,FRA,BEL
1986,Mexico,52,29 Jun 1986 - 12:00 ,Final,Mexico City ,Argentina,3,2,5,Germany FR,114600,ARG,FRG
1990,Italy,1,08 Jun 1990 - 18:00 ,Group B,Milan ,Argentina,0,1,1,Cameroon,73780,ARG,CMR
1990,Italy,2,09 Jun 1990 - 17:00 ,Group B,Bari ,Soviet Union,0,2,2,Romania,42907,URS,ROU
1990,Italy,3,09 Jun 1990 - 17:00 ,Group D,Bologna ,"rn"">United Arab Emirates",0,2,2,Colombia,30791,UAE,COL
1990,Italy,4,09 Jun 1990 - 21:00 ,Group A,Rome ,Italy,1,0,1,Austria,73303,ITA,AUT
1990,Italy,5,10 Jun 1990 - 17:00 ,Group A,Florence ,USA,1,5,6,Czechoslovakia,33266,USA,TCH
1990,Italy,6,10 Jun 1990 - 21:00 ,Group C,Turin ,Brazil,2,1,3,Sweden,62628,BRA,SWE
1990,Italy,7,10 Jun 1990 - 21:00 ,Group D,Milan ,Germany FR,4,1,5,Yugoslavia,74765,FRG,YUG
1990,Italy,8,11 Jun 1990 - 17:00 ,Group C,Genoa ,Costa Rica,1,0,1,Scotland,30867,CRC,SCO
1990,Italy,9,11 Jun 1990 - 21:00 ,Group F,Cagliari ,England,1,1,2,"rn"">Republic of Ireland",35238,ENG,IRL
1990,Italy,10,12 Jun 1990 - 17:00 ,Group E,Verona ,Belgium,2,0,2,Korea Republic,32790,BEL,KOR
1990,Italy,11,12 Jun 1990 - 21:00 ,Group F,Palermo ,Netherlands,1,1,2,Egypt,33288,NED,EGY
1990,Italy,12,13 Jun 1990 - 17:00 ,Group E,Udine ,Uruguay,0,0,0,Spain,35713,URU,ESP
1990,Italy,13,13 Jun 1990 - 21:00 ,Group B,Naples ,Argentina,2,0,2,Soviet Union,55759,ARG,URS
1990,Italy,14,14 Jun 1990 - 17:00 ,Group B,Bari ,Cameroon,2,1,3,Romania,38687,CMR,ROU
1990,Italy,15,14 Jun 1990 - 17:00 ,Group D,Bologna ,Yugoslavia,1,0,1,Colombia,32257,YUG,COL
1990,Italy,16,14 Jun 1990 - 21:00 ,Group A,Rome ,Italy,1,0,1,USA,73423,ITA,USA
1990,Italy,17,15 Jun 1990 - 17:00 ,Group A,Florence ,Austria,0,1,1,Czechoslovakia,38962,AUT,TCH
1990,Italy,18,15 Jun 1990 - 21:00 ,Group D,Milan ,Germany FR,5,1,6,"rn"">United Arab Emirates",71169,FRG,UAE
1990,Italy,19,16 Jun 1990 - 17:00 ,Group C,Turin ,Brazil,1,0,1,Costa Rica,58007,BRA,CRC
1990,Italy,20,16 Jun 1990 - 21:00 ,Group C,Genoa ,Sweden,1,2,3,Scotland,31823,SWE,SCO
1990,Italy,21,16 Jun 1990 - 21:00 ,Group F,Cagliari ,England,0,0,0,Netherlands,35267,ENG,NED
1990,Italy,22,17 Jun 1990 - 17:00 ,Group F,Palermo ,"rn"">Republic of Ireland",0,0,0,Egypt,33288,IRL,EGY
1990,Italy,23,17 Jun 1990 - 21:00 ,Group E,Udine ,Korea Republic,1,3,4,Spain,32733,KOR,ESP
1990,Italy,24,17 Jun 1990 - 21:00 ,Group E,Verona ,Belgium,3,1,4,Uruguay,33759,BEL,URU
1990,Italy,25,18 Jun 1990 - 21:00 ,Group B,Naples ,Argentina,1,1,2,Romania,52733,ARG,ROU
1990,Italy,26,18 Jun 1990 - 21:00 ,Group B,Bari ,Cameroon,0,4,4,Soviet Union,37307,CMR,URS
1990,Italy,27,19 Jun 1990 - 17:00 ,Group D,Milan ,Germany FR,1,1,2,Colombia,72510,FRG,COL
1990,Italy,28,19 Jun 1990 - 17:00 ,Group D,Bologna ,Yugoslavia,4,1,5,"rn"">United Arab Emirates",27833,YUG,UAE
1990,Italy,29,19 Jun 1990 - 21:00 ,Group A,Rome ,Italy,2,0,2,Czechoslovakia,73303,ITA,TCH
1990,Italy,30,19 Jun 1990 - 21:00 ,Group A,Florence ,Austria,2,1,3,USA,34857,AUT,USA
1990,Italy,31,20 Jun 1990 - 21:00 ,Group C,Turin ,Brazil,1,0,1,Scotland,62502,BRA,SCO
1990,Italy,32,20 Jun 1990 - 21:00 ,Group C,Genoa ,Sweden,1,2,3,Costa Rica,30223,SWE,CRC
1990,Italy,33,21 Jun 1990 - 17:00 ,Group E,Udine ,Korea Republic,0,1,1,Uruguay,29039,KOR,URU
1990,Italy,34,21 Jun 1990 - 17:00 ,Group E,Verona ,Belgium,1,2,3,Spain,35950,BEL,ESP
1990,Italy,35,21 Jun 1990 - 21:00 ,Group F,Palermo ,"rn"">Republic of Ireland",1,1,2,Netherlands,33288,IRL,NED
1990,Italy,36,21 Jun 1990 - 21:00 ,Group F,Cagliari ,England,1,0,1,Egypt,34959,ENG,EGY
1990,Italy,37,23 Jun 1990 - 17:00 ,Round of 16,Naples ,Cameroon,2,1,3,Colombia,50026,CMR,COL
1990,Italy,38,23 Jun 1990 - 21:00 ,Round of 16,Bari ,Czechoslovakia,4,1,5,Costa Rica,47673,TCH,CRC
1990,Italy,39,24 Jun 1990 - 17:00 ,Round of 16,Turin ,Brazil,0,1,1,Argentina,61381,BRA,ARG
1990,Italy,40,24 Jun 1990 - 21:00 ,Round of 16,Milan ,Germany FR,2,1,3,Netherlands,74559,FRG,NED
1990,Italy,41,25 Jun 1990 - 17:00 ,Round of 16,Genoa ,"rn"">Republic of Ireland",0,0,0,Romania,31818,IRL,ROU
1990,Italy,42,25 Jun 1990 - 21:00 ,Round of 16,Rome ,Italy,2,0,2,Uruguay,73303,ITA,URU
1990,Italy,43,26 Jun 1990 - 17:00 ,Round of 16,Verona ,Spain,1,2,3,Yugoslavia,35500,ESP,YUG
1990,Italy,44,26 Jun 1990 - 21:00 ,Round of 16,Bologna ,England,1,0,1,Belgium,34520,ENG,BEL
1990,Italy,45,30 Jun 1990 - 17:00 ,Quarter-finals,Florence ,Yugoslavia,0,0,0,Argentina,38971,YUG,ARG
1990,Italy,46,30 Jun 1990 - 21:00 ,Quarter-finals,Rome ,Italy,1,0,1,"rn"">Republic of Ireland",73303,ITA,IRL
1990,Italy,47,01 Jul 1990 - 17:00 ,Quarter-finals,Milan ,Germany FR,1,0,1,Czechoslovakia,73347,FRG,TCH
1990,Italy,48,01 Jul 1990 - 21:00 ,Quarter-finals,Naples ,England,3,2,5,Cameroon,55205,ENG,CMR
1990,Italy,49,03 Jul 1990 - 20:00 ,Semi-finals,Naples ,Italy,1,1,2,Argentina,59978,ITA,ARG
1990,Italy,50,04 Jul 1990 - 20:00 ,Semi-finals,Turin ,Germany FR,1,1,2,England,62628,FRG,ENG
1990,Italy,51,07 Jul 1990 - 20:00 ,Match for third place,Bari ,Italy,2,1,3,England,51426,ITA,ENG
1990,Italy,52,08 Jul 1990 - 20:00 ,Final,Rome ,Germany FR,1,0,1,Argentina,73603,FRG,ARG
1994,USA,1,17 Jun 1994 - 19:30 ,Group C,Dallas ,Spain,2,2,4,Korea Republic,56247,ESP,KOR
1994,USA,2,17 Jun 1994 - 15:00 ,Group C,Chicago ,Germany,1,0,1,Bolivia,63117,GER,BOL
1994,USA,3,18 Jun 1994 - 11:30 ,Group A,Detroit ,USA,1,1,2,Switzerland,73425,USA,SUI
1994,USA,4,18 Jun 1994 - 16:00 ,Group E,New York/New Jersey ,Italy,0,1,1,"rn"">Republic of Ireland",75338,ITA,IRL
1994,USA,5,18 Jun 1994 - 19:30 ,Group A,Los Angeles ,Colombia,1,3,4,Romania,91856,COL,ROU
1994,USA,6,19 Jun 1994 - 12:30 ,Group F,Orlando ,Belgium,1,0,1,Morocco,61219,BEL,MAR
1994,USA,7,19 Jun 1994 - 16:00 ,Group E,Washington Dc ,Norway,1,0,1,Mexico,52395,NOR,MEX
1994,USA,8,19 Jun 1994 - 19:30 ,Group B,Los Angeles ,Cameroon,2,2,4,Sweden,93194,CMR,SWE
1994,USA,9,20 Jun 1994 - 19:30 ,Group F,Washington Dc ,Netherlands,2,1,3,Saudi Arabia,50535,NED,KSA
1994,USA,10,20 Jun 1994 - 16:00 ,Group B,San Francisco ,Brazil,2,0,2,Russia,81061,BRA,RUS
1994,USA,11,21 Jun 1994 - 12:30 ,Group D,Boston ,Argentina,4,0,4,Greece,54456,ARG,GRE
1994,USA,12,21 Jun 1994 - 19:30 ,Group D,Dallas ,Nigeria,3,0,3,Bulgaria,44132,NGA,BUL
1994,USA,13,21 Jun 1994 - 16:00 ,Group C,Chicago ,Germany,1,1,2,Spain,63113,GER,ESP
1994,USA,14,22 Jun 1994 - 16:00 ,Group A,Detroit ,Romania,1,4,5,Switzerland,61428,ROU,SUI
1994,USA,15,22 Jun 1994 - 19:30 ,Group A,Los Angeles ,USA,2,1,3,Colombia,93869,USA,COL
1994,USA,16,23 Jun 1994 - 16:00 ,Group E,New York/New Jersey ,Italy,1,0,1,Norway,74624,ITA,NOR
1994,USA,17,23 Jun 1994 - 19:30 ,Group C,Boston ,Korea Republic,0,0,0,Bolivia,54453,KOR,BOL
1994,USA,18,24 Jun 1994 - 12:30 ,Group E,Orlando ,Mexico,2,1,3,"rn"">Republic of Ireland",60790,MEX,IRL
1994,USA,19,24 Jun 1994 - 19:30 ,Group B,Detroit ,Sweden,3,1,4,Russia,71528,SWE,RUS
1994,USA,20,24 Jun 1994 - 16:00 ,Group B,San Francisco ,Brazil,3,0,3,Cameroon,83401,BRA,CMR
1994,USA,21,25 Jun 1994 - 12:30 ,Group F,Orlando ,Belgium,1,0,1,Netherlands,62387,BEL,NED
1994,USA,22,25 Jun 1994 - 12:30 ,Group F,New York/New Jersey ,Saudi Arabia,2,1,3,Morocco,76322,KSA,MAR
1994,USA,23,25 Jun 1994 - 16:00 ,Group D,Boston ,Argentina,2,1,3,Nigeria,54453,ARG,NGA
1994,USA,24,26 Jun 1994 - 12:30 ,Group D,Chicago ,Bulgaria,4,0,4,Greece,63160,BUL,GRE
1994,USA,25,26 Jun 1994 - 16:00 ,Group A,Los Angeles ,USA,0,1,1,Romania,93869,USA,ROU
1994,USA,26,26 Jun 1994 - 16:00 ,Group A,San Francisco ,Switzerland,0,2,2,Colombia,83401,SUI,COL
1994,USA,27,27 Jun 1994 - 16:00 ,Group C,Dallas ,Germany,3,2,5,Korea Republic,63998,GER,KOR
1994,USA,28,27 Jun 1994 - 16:00 ,Group C,Chicago ,Bolivia,1,3,4,Spain,63089,BOL,ESP
1994,USA,29,28 Jun 1994 - 12:30 ,Group E,New York/New Jersey ,"rn"">Republic of Ireland",0,0,0,Norway,72404,IRL,NOR
1994,USA,30,28 Jun 1994 - 16:00 ,Group B,Detroit ,Brazil,1,1,2,Sweden,77217,BRA,SWE
1994,USA,31,28 Jun 1994 - 12:30 ,Group E,Washington Dc ,Italy,1,1,2,Mexico,52535,ITA,MEX
1994,USA,32,28 Jun 1994 - 16:00 ,Group B,San Francisco ,Russia,6,1,7,Cameroon,74914,RUS,CMR
1994,USA,33,29 Jun 1994 - 12:30 ,Group F,Orlando ,Morocco,1,2,3,Netherlands,60578,MAR,NED
1994,USA,34,29 Jun 1994 - 12:30 ,Group F,Washington Dc ,Belgium,0,1,1,Saudi Arabia,52959,BEL,KSA
1994,USA,35,30 Jun 1994 - 19:30 ,Group D,Boston ,Greece,0,2,2,Nigeria,53001,GRE,NGA
1994,USA,36,30 Jun 1994 - 19:30 ,Group D,Dallas ,Argentina,0,2,2,Bulgaria,63998,ARG,BUL
1994,USA,37,02 Jul 1994 - 12:00 ,Round of 16,Chicago ,Germany,3,2,5,Belgium,60246,GER,BEL
1994,USA,38,02 Jul 1994 - 16:30 ,Round of 16,Washington Dc ,Spain,3,0,3,Switzerland,53121,ESP,SUI
1994,USA,39,03 Jul 1994 - 12:00 ,Round of 16,Dallas ,Saudi Arabia,1,3,4,Sweden,60277,KSA,SWE
1994,USA,40,03 Jul 1994 - 13:30 ,Round of 16,Los Angeles ,Romania,3,2,5,Argentina,90469,ROU,ARG
1994,USA,41,04 Jul 1994 - 12:00 ,Round of 16,Orlando ,Netherlands,2,0,2,"rn"">Republic of Ireland",61355,NED,IRL
1994,USA,42,04 Jul 1994 - 12:30 ,Round of 16,San Francisco ,Brazil,1,0,1,USA,84147,BRA,USA
1994,USA,43,05 Jul 1994 - 13:00 ,Round of 16,Boston ,Nigeria,1,2,3,Italy,54367,NGA,ITA
1994,USA,44,05 Jul 1994 - 16:30 ,Round of 16,New York/New Jersey ,Mexico,1,1,2,Bulgaria,71030,MEX,BUL
1994,USA,45,09 Jul 1994 - 12:00 ,Quarter-finals,Boston ,Italy,2,1,3,Spain,53400,ITA,ESP
1994,USA,46,09 Jul 1994 - 14:30 ,Quarter-finals,Dallas ,Netherlands,2,3,5,Brazil,63500,NED,BRA
1994,USA,47,10 Jul 1994 - 12:00 ,Quarter-finals,New York/New Jersey ,Bulgaria,2,1,3,Germany,72000,BUL,GER
1994,USA,48,10 Jul 1994 - 12:30 ,Quarter-finals,San Francisco ,Romania,2,2,4,Sweden,83500,ROU,SWE
1994,USA,49,13 Jul 1994 - 16:00 ,Semi-finals,New York/New Jersey ,Bulgaria,1,2,3,Italy,74110,BUL,ITA
1994,USA,50,13 Jul 1994 - 16:30 ,Semi-finals,Los Angeles ,Sweden,0,1,1,Brazil,91856,SWE,BRA
1994,USA,51,16 Jul 1994 - 12:30 ,Match for third place,Los Angeles ,Sweden,4,0,4,Bulgaria,91500,SWE,BUL
1994,USA,52,17 Jul 1994 - 12:30 ,Final,Los Angeles ,Brazil,0,0,0,Italy,94194,BRA,ITA
1998,France,1,10 Jun 1998 - 17:30 ,Group A,Saint-Denis ,Brazil,2,1,3,Scotland,80000,BRA,SCO
1998,France,2,10 Jun 1998 - 21:00 ,Group A,Montpellier ,Morocco,2,2,4,Norway,29800,MAR,NOR
1998,France,3,11 Jun 1998 - 17:30 ,Group B,Bordeaux ,Italy,2,2,4,Chile,31800,ITA,CHI
1998,France,4,11 Jun 1998 - 21:00 ,Group B,Toulouse ,Cameroon,1,1,2,Austria,33500,CMR,AUT
1998,France,5,12 Jun 1998 - 14:30 ,Group D,Montpellier ,Paraguay,0,0,0,Bulgaria,29800,PAR,BUL
1998,France,6,12 Jun 1998 - 17:30 ,Group C,Lens ,Saudi Arabia,0,1,1,Denmark,38100,KSA,DEN
1998,France,7,12 Jun 1998 - 21:00 ,Group C,Marseilles ,France,3,0,3,South Africa,55000,FRA,RSA
1998,France,8,13 Jun 1998 - 14:30 ,Group D,Nantes ,Spain,2,3,5,Nigeria,35500,ESP,NGA
1998,France,9,13 Jun 1998 - 17:30 ,Group E,Lyon ,Korea Republic,1,3,4,Mexico,39100,KOR,MEX
1998,France,10,13 Jun 1998 - 21:00 ,Group E,Saint-Denis ,Netherlands,0,0,0,Belgium,77000,NED,BEL
1998,France,11,14 Jun 1998 - 14:30 ,Group H,Toulouse ,Argentina,1,0,1,Japan,33500,ARG,JPN
1998,France,12,14 Jun 1998 - 17:30 ,Group F,Saint-Etienne ,Yugoslavia,1,0,1,Iran,30600,YUG,IRN
1998,France,13,14 Jun 1998 - 21:00 ,Group H,Lens ,Jamaica,1,3,4,Croatia,38100,JAM,CRO
1998,France,14,15 Jun 1998 - 14:30 ,Group G,Marseilles ,England,2,0,2,Tunisia,55000,ENG,TUN
1998,France,15,15 Jun 1998 - 17:30 ,Group G,Lyon ,Romania,1,0,1,Colombia,39100,ROU,COL
1998,France,16,15 Jun 1998 - 21:00 ,Group F,Paris ,Germany,2,0,2,USA,45500,GER,USA
1998,France,17,16 Jun 1998 - 17:30 ,Group A,Bordeaux ,Scotland,1,1,2,Norway,31800,SCO,NOR
1998,France,18,16 Jun 1998 - 21:00 ,Group A,Nantes ,Brazil,3,0,3,Morocco,35500,BRA,MAR
1998,France,19,17 Jun 1998 - 17:30 ,Group B,Saint-Etienne ,Chile,1,1,2,Austria,30600,CHI,AUT
1998,France,20,17 Jun 1998 - 21:00 ,Group B,Montpellier ,Italy,3,0,3,Cameroon,29800,ITA,CMR
1998,France,21,18 Jun 1998 - 17:30 ,Group C,Toulouse ,South Africa,1,1,2,Denmark,33500,RSA,DEN
1998,France,22,18 Jun 1998 - 21:00 ,Group C,Saint-Denis ,France,4,0,4,Saudi Arabia,80000,FRA,KSA
1998,France,23,19 Jun 1998 - 17:30 ,Group D,Paris ,Nigeria,1,0,1,Bulgaria,45500,NGA,BUL
1998,France,24,19 Jun 1998 - 21:00 ,Group D,Saint-Etienne ,Spain,0,0,0,Paraguay,30600,ESP,PAR
1998,France,25,20 Jun 1998 - 14:30 ,Group H,Nantes ,Japan,0,1,1,Croatia,35500,JPN,CRO
1998,France,26,20 Jun 1998 - 17:30 ,Group E,Bordeaux ,Belgium,2,2,4,Mexico,31800,BEL,MEX
1998,France,27,20 Jun 1998 - 21:00 ,Group E,Marseilles ,Netherlands,5,0,5,Korea Republic,55000,NED,KOR
1998,France,28,21 Jun 1998 - 14:30 ,Group F,Lens ,Germany,2,2,4,Yugoslavia,38100,GER,YUG
1998,France,29,21 Jun 1998 - 17:30 ,Group H,Paris ,Argentina,5,0,5,Jamaica,45500,ARG,JAM
1998,France,30,21 Jun 1998 - 21:00 ,Group F,Lyon ,USA,1,2,3,Iran,39100,USA,IRN
1998,France,31,22 Jun 1998 - 17:30 ,Group G,Montpellier ,Colombia,1,0,1,Tunisia,29800,COL,TUN
1998,France,32,22 Jun 1998 - 21:00 ,Group G,Toulouse ,Romania,2,1,3,England,33500,ROU,ENG
1998,France,33,23 Jun 1998 - 16:00 ,Group B,Saint-Denis ,Italy,2,1,3,Austria,80000,ITA,AUT
1998,France,34,23 Jun 1998 - 16:00 ,Group B,Nantes ,Chile,1,1,2,Cameroon,35500,CHI,CMR
1998,France,35,23 Jun 1998 - 21:00 ,Group A,Saint-Etienne ,Scotland,0,3,3,Morocco,30600,SCO,MAR
1998,France,36,23 Jun 1998 - 21:00 ,Group A,Marseilles ,Brazil,1,2,3,Norway,55000,BRA,NOR
1998,France,37,24 Jun 1998 - 16:00 ,Group C,Lyon ,France,2,1,3,Denmark,39100,FRA,DEN
1998,France,38,24 Jun 1998 - 16:00 ,Group C,Bordeaux ,South Africa,2,2,4,Saudi Arabia,31800,RSA,KSA
1998,France,39,24 Jun 1998 - 21:00 ,Group D,Lens ,Spain,6,1,7,Bulgaria,38100,ESP,BUL
1998,France,40,24 Jun 1998 - 21:00 ,Group D,Toulouse ,Nigeria,1,3,4,Paraguay,33500,NGA,PAR
1998,France,41,25 Jun 1998 - 16:00 ,Group E,Paris ,Belgium,1,1,2,Korea Republic,45500,BEL,KOR
1998,France,42,25 Jun 1998 - 16:00 ,Group E,Saint-Etienne ,Netherlands,2,2,4,Mexico,30600,NED,MEX
1998,France,43,25 Jun 1998 - 21:00 ,Group F,Montpellier ,Germany,2,0,2,Iran,29800,GER,IRN
1998,France,44,25 Jun 1998 - 21:00 ,Group F,Nantes ,USA,0,1,1,Yugoslavia,35500,USA,YUG
1998,France,45,26 Jun 1998 - 16:00 ,Group H,Lyon ,Japan,1,2,3,Jamaica,39100,JPN,JAM
1998,France,46,26 Jun 1998 - 16:00 ,Group H,Bordeaux ,Argentina,1,0,1,Croatia,31800,ARG,CRO
1998,France,47,26 Jun 1998 - 21:00 ,Group G,Saint-Denis ,Romania,1,1,2,Tunisia,77000,ROU,TUN
1998,France,48,26 Jun 1998 - 21:00 ,Group G,Lens ,Colombia,0,2,2,England,38100,COL,ENG
1998,France,49,27 Jun 1998 - 16:30 ,Round of 16,Marseilles ,Italy,1,0,1,Norway,55000,ITA,NOR
1998,France,50,27 Jun 1998 - 21:00 ,Round of 16,Paris ,Brazil,4,1,5,Chile,45500,BRA,CHI
1998,France,51,28 Jun 1998 - 16:30 ,Round of 16,Lens ,France,1,0,1,Paraguay,31800,FRA,PAR
1998,France,52,28 Jun 1998 - 21:00 ,Round of 16,Saint-Denis ,Nigeria,1,4,5,Denmark,77000,NGA,DEN
1998,France,53,29 Jun 1998 - 16:30 ,Round of 16,Montpellier ,Germany,2,1,3,Mexico,29800,GER,MEX
1998,France,54,29 Jun 1998 - 21:00 ,Round of 16,Toulouse ,Netherlands,2,1,3,Yugoslavia,33500,NED,YUG
1998,France,55,30 Jun 1998 - 16:30 ,Round of 16,Bordeaux ,Romania,0,1,1,Croatia,31800,ROU,CRO
1998,France,56,30 Jun 1998 - 21:00 ,Round of 16,Saint-Etienne ,Argentina,2,2,4,England,30600,ARG,ENG
1998,France,57,03 Jul 1998 - 16:30 ,Quarter-finals,Saint-Denis ,Italy,0,0,0,France,77000,ITA,FRA
1998,France,58,03 Jul 1998 - 21:00 ,Quarter-finals,Nantes ,Brazil,3,2,5,Denmark,35500,BRA,DEN
1998,France,59,04 Jul 1998 - 16:30 ,Quarter-finals,Marseilles ,Netherlands,2,1,3,Argentina,55000,NED,ARG
1998,France,60,04 Jul 1998 - 21:00 ,Quarter-finals,Lyon ,Germany,0,3,3,Croatia,39100,GER,CRO
1998,France,61,07 Jul 1998 - 21:00 ,Semi-finals,Marseilles ,Brazil,1,1,2,Netherlands,54000,BRA,NED
1998,France,62,08 Jul 1998 - 21:00 ,Semi-finals,Saint-Denis ,France,2,1,3,Croatia,76000,FRA,CRO
1998,France,63,11 Jul 1998 - 21:00 ,Match for third place,Paris ,Netherlands,1,2,3,Croatia,45500,NED,CRO
1998,France,64,12 Jul 1998 - 21:00 ,Final,Saint-Denis ,Brazil,0,3,3,France,80000,BRA,FRA
2002,Korea/Japan,1,31 May 2002 - 20:30 ,Group A,Seoul ,France,0,1,1,Senegal,62561,FRA,SEN
2002,Korea/Japan,2,01 Jun 2002 - 18:00 ,Group A,Ulsan ,Uruguay,1,2,3,Denmark,30157,URU,DEN
2002,Korea/Japan,3,01 Jun 2002 - 15:30 ,Group E,Niigata ,"rn"">Republic of Ireland",1,1,2,Cameroon,33679,IRL,CMR
2002,Korea/Japan,4,01 Jun 2002 - 20:30 ,Group E,Sapporo ,Germany,8,0,8,Saudi Arabia,32218,GER,KSA
2002,Korea/Japan,5,02 Jun 2002 - 14:30 ,Group F,Ibaraki ,Argentina,1,0,1,Nigeria,34050,ARG,NGA
2002,Korea/Japan,6,02 Jun 2002 - 16:30 ,Group B,Busan ,Paraguay,2,2,4,South Africa,25186,PAR,RSA
2002,Korea/Japan,7,02 Jun 2002 - 18:30 ,Group F,Saitama ,England,1,1,2,Sweden,52721,ENG,SWE
2002,Korea/Japan,8,02 Jun 2002 - 20:30 ,Group B,Gwangju ,Spain,3,1,4,Slovenia,28598,ESP,SVN
2002,Korea/Japan,9,03 June 2002 - 18:00 ,Group C,Ulsan ,Brazil,2,1,3,Turkey,33842,BRA,TUR
2002,Korea/Japan,10,03 Jun 2002 - 20:30 ,Group G,Sapporo ,Italy,2,0,2,Ecuador,31081,ITA,ECU
2002,Korea/Japan,11,03 Jun 2002 - 15:30 ,Group G,Niigata ,Croatia,0,1,1,Mexico,32239,CRO,MEX
2002,Korea/Japan,12,04 June 2002 - 15:30 ,Group C,Gwangju ,China PR,0,2,2,Costa Rica,27217,CHN,CRC
2002,Korea/Japan,13,04 June 2002 - 18:00 ,Group H,Saitama ,Japan,2,2,4,Belgium,55256,JPN,BEL
2002,Korea/Japan,14,04 Jun 2002 - 20:30 ,Group D,Busan ,Korea Republic,2,0,2,Poland,48760,KOR,POL
2002,Korea/Japan,15,05 Jun 2002 - 15:30 ,Group H,Kobe ,Russia,2,0,2,Tunisia,30957,RUS,TUN
2002,Korea/Japan,16,05 Jun 2002 - 18:00 ,Group D,Suwon ,USA,3,2,5,Portugal,37306,USA,POR
2002,Korea/Japan,17,05 Jun 2002 - 20:30 ,Group E,Ibaraki ,Germany,1,1,2,"rn"">Republic of Ireland",35854,GER,IRL
2002,Korea/Japan,18,06 Jun 2002 - 15:30 ,Group A,Daegu ,Denmark,1,1,2,Senegal,43500,DEN,SEN
2002,Korea/Japan,19,06 Jun 2002 - 18:00 ,Group E,Saitama ,Cameroon,1,0,1,Saudi Arabia,52328,CMR,KSA
2002,Korea/Japan,20,06 Jun 2002 - 20:30 ,Group A,Busan ,France,0,0,0,Uruguay,38289,FRA,URU
2002,Korea/Japan,21,07 Jun 2002 - 15:30 ,Group F,Kobe ,Sweden,2,1,3,Nigeria,36194,SWE,NGA
2002,Korea/Japan,22,07 Jun 2002 - 20:30 ,Group F,Sapporo ,Argentina,0,1,1,England,35927,ARG,ENG
2002,Korea/Japan,23,07 June 2002 - 18:00 ,Group B,Jeonju ,Spain,3,1,4,Paraguay,24000,ESP,PAR
2002,Korea/Japan,24,08 Jun 2002 - 15:30 ,Group B,Daegu ,South Africa,1,0,1,Slovenia,47226,RSA,SVN
2002,Korea/Japan,25,08 Jun 2002 - 20:30 ,Group C,Jeju ,Brazil,4,0,4,China PR,36750,BRA,CHN
2002,Korea/Japan,26,08 June 2002 - 18:00 ,Group G,Ibaraki ,Italy,1,2,3,Croatia,36472,ITA,CRO
2002,Korea/Japan,27,09 Jun 2002 - 18:00 ,Group C,Incheon ,Costa Rica,1,1,2,Turkey,42299,CRC,TUR
2002,Korea/Japan,28,09 Jun 2002 - 20:30 ,Group H,Yokohama ,Japan,1,0,1,Russia,66108,JPN,RUS
2002,Korea/Japan,29,09 Jun 2002 - 15:30 ,Group G,Rifu ,Mexico,2,1,3,Ecuador,45610,MEX,ECU
2002,Korea/Japan,30,10 Jun 2002 - 15:30 ,Group D,Daegu ,Korea Republic,1,1,2,USA,60778,KOR,USA
2002,Korea/Japan,31,10 Jun 2002 - 20:30 ,Group D,Jeonju ,Portugal,4,0,4,Poland,31000,POR,POL
2002,Korea/Japan,32,10 Jun 2002 - 18:00 ,Group H,Oita ,Tunisia,1,1,2,Belgium,39700,TUN,BEL
2002,Korea/Japan,33,11 Jun 2002 - 15:30 ,Group A,Incheon ,Denmark,2,0,2,France,48100,DEN,FRA
2002,Korea/Japan,34,11 June 2002 - 15:30 ,Group A,Suwon ,Senegal,3,3,6,Uruguay,33681,SEN,URU
2002,Korea/Japan,35,11 Jun 2002 - 20:30 ,Group E,Yokohama ,Saudi Arabia,0,3,3,"rn"">Republic of Ireland",65320,KSA,IRL
2002,Korea/Japan,36,11 Jun 2002 - 20:30 ,Group E,Shizuoka ,Cameroon,0,2,2,Germany,47085,CMR,GER
2002,Korea/Japan,37,12 Jun 2002 - 15:30 ,Group F,Rifu ,Sweden,1,1,2,Argentina,45777,SWE,ARG
2002,Korea/Japan,38,12 Jun 2002 - 15:30 ,Group F,Osaka ,Nigeria,0,0,0,England,44864,NGA,ENG
2002,Korea/Japan,39,12 Jun 2002 - 20:30 ,Group B,Jeju ,Slovenia,1,3,4,Paraguay,30176,SVN,PAR
2002,Korea/Japan,40,12 Jun 2002 - 20:30 ,Group B,Daejeon ,South Africa,2,3,5,Spain,31024,RSA,ESP
2002,Korea/Japan,41,13 Jun 2002 - 15:30 ,Group C,Suwon ,Costa Rica,2,5,7,Brazil,38524,CRC,BRA
2002,Korea/Japan,42,13 Jun 2002 - 15:30 ,Group C,Seoul ,Turkey,3,0,3,China PR,43605,TUR,CHN
2002,Korea/Japan,43,13 Jun 2002 - 20:30 ,Group G,Yokohama ,Ecuador,1,0,1,Croatia,65862,ECU,CRO
2002,Korea/Japan,44,13 Jun 2002 - 20:30 ,Group G,Oita ,Mexico,1,1,2,Italy,39291,MEX,ITA
2002,Korea/Japan,45,14 Jun 2002 - 15:30 ,Group H,Osaka ,Tunisia,0,2,2,Japan,45213,TUN,JPN
2002,Korea/Japan,46,14 Jun 2002 - 20:30 ,Group D,Incheon ,Portugal,0,1,1,Korea Republic,50239,POR,KOR
2002,Korea/Japan,47,14 Jun 2002 - 20:30 ,Group D,Daejeon ,Poland,3,1,4,USA,26482,POL,USA
2002,Korea/Japan,48,14 Jun 2002 - 15:30 ,Group H,Shizuoka ,Belgium,3,2,5,Russia,46640,BEL,RUS
2002,Korea/Japan,49,15 Jun 2002 - 20:30 ,Round of 16,Niigata ,Denmark,0,3,3,England,40582,DEN,ENG
2002,Korea/Japan,50,15 Jun 2002 - 15:30 ,Round of 16,Jeju ,Germany,1,0,1,Paraguay,25176,GER,PAR
2002,Korea/Japan,51,16 Jun 2002 - 20:30 ,Round of 16,Suwon ,Spain,1,1,2,"rn"">Republic of Ireland",38926,ESP,IRL
2002,Korea/Japan,52,16 Jun 2002 - 15:30 ,Round of 16,Oita ,Sweden,1,2,3,Senegal,39747,SWE,SEN
2002,Korea/Japan,53,17 Jun 2002 - 20:30 ,Round of 16,Kobe ,Brazil,2,0,2,Belgium,40440,BRA,BEL
2002,Korea/Japan,54,17 June 2002 - 15:30 ,Round of 16,Jeonju ,Mexico,0,2,2,USA,36380,MEX,USA
2002,Korea/Japan,55,18 Jun 2002 - 15:30 ,Round of 16,Rifu ,Japan,0,1,1,Turkey,45666,JPN,TUR
2002,Korea/Japan,56,18 Jun 2002 - 20:30 ,Round of 16,Daejeon ,Korea Republic,2,1,3,Italy,38588,KOR,ITA
2002,Korea/Japan,57,21 Jun 2002 - 15:30 ,Quarter-finals,Shizuoka ,England,1,2,3,Brazil,47436,ENG,BRA
2002,Korea/Japan,58,21 Jun 2002 - 20:30 ,Quarter-finals,Ulsan ,Germany,1,0,1,USA,37337,GER,USA
2002,Korea/Japan,59,22 Jun 2002 - 20:30 ,Quarter-finals,Osaka ,Senegal,0,1,1,Turkey,44233,SEN,TUR
2002,Korea/Japan,60,22 Jun 2002 - 15:30 ,Quarter-finals,Gwangju ,Spain,0,0,0,Korea Republic,42114,ESP,KOR
2002,Korea/Japan,61,25 Jun 2002 - 20:30 ,Semi-finals,Seoul ,Germany,1,0,1,Korea Republic,65256,GER,KOR
2002,Korea/Japan,62,26 Jun 2002 - 20:30 ,Semi-finals,Saitama ,Brazil,1,0,1,Turkey,61058,BRA,TUR
2002,Korea/Japan,63,29 Jun 2002 - 20:00 ,Third place,Daegu ,Korea Republic,2,3,5,Turkey,63483,KOR,TUR
2002,Korea/Japan,64,30 Jun 2002 - 20:00 ,Final,Yokohama ,Germany,0,2,2,Brazil,69029,GER,BRA
2006,Germany,1,09 Jun 2006 - 18:00 ,Group A,Munich ,Germany,4,2,6,Costa Rica,66000,GER,CRC
2006,Germany,2,09 Jun 2006 - 21:00 ,Group A,Gelsenkirchen ,Poland,0,2,2,Ecuador,52000,POL,ECU
2006,Germany,3,10 Jun 2006 - 15:00 ,Group B,Frankfurt/Main ,England,1,0,1,Paraguay,48000,ENG,PAR
2006,Germany,4,10 Jun 2006 - 18:00 ,Group B,Dortmund ,"rn"">Trinidad and Tobago",0,0,0,Sweden,62959,TRI,SWE
2006,Germany,5,10 Jun 2006 - 21:00 ,Group C,Hamburg ,Argentina,2,1,3,C�te d'Ivoire,49480,ARG,CIV
2006,Germany,6,11 Jun 2006 - 15:00 ,Group C,Leipzig ,"rn"">Serbia and Montenegro",0,1,1,Netherlands,43000,SCG,NED
2006,Germany,7,11 Jun 2006 - 18:00 ,Group D,Nuremberg ,Mexico,3,1,4,Iran,41000,MEX,IRN
2006,Germany,8,11 Jun 2006 - 21:00 ,Group D,Cologne ,Angola,0,1,1,Portugal,45000,ANG,POR
2006,Germany,9,12 Jun 2006 - 15:00 ,Group F,Kaiserslautern ,Australia,3,1,4,Japan,46000,AUS,JPN
2006,Germany,10,12 Jun 2006 - 18:00 ,Group E,Gelsenkirchen ,USA,0,3,3,Czech Republic,52000,USA,CZE
2006,Germany,11,12 Jun 2006 - 21:00 ,Group E,Hanover ,Italy,2,0,2,Ghana,43000,ITA,GHA
2006,Germany,12,13 Jun 2006 - 15:00 ,Group G,Frankfurt/Main ,Korea Republic,2,1,3,Togo,48000,KOR,TOG
2006,Germany,13,13 Jun 2006 - 18:00 ,Group G,Stuttgart ,France,0,0,0,Switzerland,52000,FRA,SUI
2006,Germany,14,13 Jun 2006 - 21:00 ,Group F,Berlin ,Brazil,1,0,1,Croatia,72000,BRA,CRO
2006,Germany,15,14 Jun 2006 - 15:00 ,Group H,Leipzig ,Spain,4,0,4,Ukraine,43000,ESP,UKR
2006,Germany,16,14 Jun 2006 - 18:00 ,Group H,Munich ,Tunisia,2,2,4,Saudi Arabia,66000,TUN,KSA
2006,Germany,17,14 Jun 2006 - 21:00 ,Group A,Dortmund ,Germany,1,0,1,Poland,65000,GER,POL
2006,Germany,18,15 Jun 2006 - 15:00 ,Group A,Hamburg ,Ecuador,3,0,3,Costa Rica,50000,ECU,CRC
2006,Germany,19,15 Jun 2006 - 18:00 ,Group B,Nuremberg ,England,2,0,2,"rn"">Trinidad and Tobago",41000,ENG,TRI
2006,Germany,20,15 Jun 2006 - 21:00 ,Group B,Berlin ,Sweden,1,0,1,Paraguay,72000,SWE,PAR
2006,Germany,21,16 Jun 2006 - 15:00 ,Group C,Gelsenkirchen ,Argentina,6,0,6,"rn"">Serbia and Montenegro",52000,ARG,SCG
2006,Germany,22,16 Jun 2006 - 18:00 ,Group C,Stuttgart ,Netherlands,2,1,3,C�te d'Ivoire,52000,NED,CIV
2006,Germany,23,16 Jun 2006 - 21:00 ,Group D,Hanover ,Mexico,0,0,0,Angola,43000,MEX,ANG
2006,Germany,24,17 Jun 2006 - 15:00 ,Group D,Frankfurt/Main ,Portugal,2,0,2,IR Iran,48000,POR,IRN
2006,Germany,25,17 Jun 2006 - 18:00 ,Group E,Cologne ,Czech Republic,0,2,2,Ghana,45000,CZE,GHA
2006,Germany,26,17 Jun 2006 - 21:00 ,Group E,Kaiserslautern ,Italy,1,1,2,USA,46000,ITA,USA
2006,Germany,27,18 Jun 2006 - 15:00 ,Group F,Nuremberg ,Japan,0,0,0,Croatia,41000,JPN,CRO
2006,Germany,28,18 Jun 2006 - 18:00 ,Group F,Munich ,Brazil,2,0,2,Australia,66000,BRA,AUS
2006,Germany,29,18 Jun 2006 - 21:00 ,Group G,Leipzig ,France,1,1,2,Korea Republic,43000,FRA,KOR
2006,Germany,30,19 Jun 2006 - 15:00 ,Group G,Dortmund ,Togo,0,2,2,Switzerland,65000,TOG,SUI
2006,Germany,31,19 Jun 2006 - 18:00 ,Group H,Hamburg ,Saudi Arabia,0,4,4,Ukraine,50000,KSA,UKR
2006,Germany,32,19 Jun 2006 - 21:00 ,Group H,Stuttgart ,Spain,3,1,4,Tunisia,52000,ESP,TUN
2006,Germany,33,20 Jun 2006 - 16:00 ,Group A,Berlin ,Ecuador,0,3,3,Germany,72000,ECU,GER
2006,Germany,34,20 Jun 2006 - 16:00 ,Group A,Hanover ,Costa Rica,1,2,3,Poland,43000,CRC,POL
2006,Germany,35,20 Jun 2006 - 21:00 ,Group B,Cologne ,Sweden,2,2,4,England,45000,SWE,ENG
2006,Germany,36,20 Jun 2006 - 21:00 ,Group B,Kaiserslautern ,Paraguay,2,0,2,"rn"">Trinidad and Tobago",46000,PAR,TRI
2006,Germany,37,21 Jun 2006 - 16:00 ,Group D,Leipzig ,Iran,1,1,2,Angola,38000,IRN,ANG
2006,Germany,38,21 Jun 2006 - 16:00 ,Group D,Gelsenkirchen ,Portugal,2,1,3,Mexico,52000,POR,MEX
2006,Germany,39,21 Jun 2006 - 21:00 ,Group C,Frankfurt/Main ,Netherlands,0,0,0,Argentina,48000,NED,ARG
2006,Germany,40,21 Jun 2006 - 21:00 ,Group C,Munich ,C�te d'Ivoire,3,2,5,"rn"">Serbia and Montenegro",66000,CIV,SCG
2006,Germany,41,22 Jun 2006 - 16:00 ,Group E,Hamburg ,Czech Republic,0,2,2,Italy,50000,CZE,ITA
2006,Germany,42,22 Jun 2006 - 16:00 ,Group E,Nuremberg ,Ghana,2,1,3,USA,41000,GHA,USA
2006,Germany,43,22 Jun 2006 - 21:00 ,Group F,Dortmund ,Japan,1,4,5,Brazil,65000,JPN,BRA
2006,Germany,44,22 Jun 2006 - 21:00 ,Group F,Stuttgart ,Croatia,2,2,4,Australia,52000,CRO,AUS
2006,Germany,45,23 Jun 2006 - 16:00 ,Group H,Berlin ,Ukraine,1,0,1,Tunisia,72000,UKR,TUN
2006,Germany,46,23 Jun 2006 - 16:00 ,Group H,Kaiserslautern ,Saudi Arabia,0,1,1,Spain,46000,KSA,ESP
2006,Germany,47,23 Jun 2006 - 21:00 ,Group G,Cologne ,Togo,0,2,2,France,45000,TOG,FRA
2006,Germany,48,23 Jun 2006 - 21:00 ,Group G,Hanover ,Switzerland,2,0,2,Korea Republic,43000,SUI,KOR
2006,Germany,49,24 Jun 2006 - 17:00 ,Round of 16,Munich ,Germany,2,0,2,Sweden,66000,GER,SWE
2006,Germany,50,24 Jun 2006 - 21:00 ,Round of 16,Leipzig ,Argentina,2,1,3,Mexico,43000,ARG,MEX
2006,Germany,51,25 Jun 2006 - 17:00 ,Round of 16,Stuttgart ,England,1,0,1,Ecuador,52000,ENG,ECU
2006,Germany,52,25 Jun 2006 - 21:00 ,Round of 16,Nuremberg ,Portugal,1,0,1,Netherlands,41000,POR,NED
2006,Germany,53,26 Jun 2006 - 17:00 ,Round of 16,Kaiserslautern ,Italy,1,0,1,Australia,46000,ITA,AUS
2006,Germany,54,26 Jun 2006 - 21:00 ,Round of 16,Cologne ,Switzerland,0,0,0,Ukraine,45000,SUI,UKR
2006,Germany,55,27 Jun 2006 - 17:00 ,Round of 16,Dortmund ,Brazil,3,0,3,Ghana,65000,BRA,GHA
2006,Germany,56,27 Jun 2006 - 21:00 ,Round of 16,Hanover ,Spain,1,3,4,France,43000,ESP,FRA
2006,Germany,57,30 Jun 2006 - 17:00 ,Quarter-finals,Berlin ,Germany,1,1,2,Argentina,72000,GER,ARG
2006,Germany,58,30 Jun 2006 - 21:00 ,Quarter-finals,Hamburg ,Italy,3,0,3,Ukraine,50000,ITA,UKR
2006,Germany,59,01 Jul 2006 - 17:00 ,Quarter-finals,Gelsenkirchen ,England,0,0,0,Portugal,52000,ENG,POR
2006,Germany,60,01 Jul 2006 - 21:00 ,Quarter-finals,Frankfurt/Main ,Brazil,0,1,1,France,48000,BRA,FRA
2006,Germany,61,04 Jul 2006 - 21:00 ,Semi-finals,Dortmund ,Germany,0,2,2,Italy,65000,GER,ITA
2006,Germany,62,05 Jul 2006 - 21:00 ,Semi-finals,Munich ,Portugal,0,1,1,France,66000,POR,FRA
2006,Germany,63,08 Jul 2006 - 21:00 ,Third place,Stuttgart ,Germany,3,1,4,Portugal,52000,GER,POR
2006,Germany,64,09 Jul 2006 - 20:00 ,Final,Berlin ,Italy,1,1,2,France,69000,ITA,FRA
2010,Germany,65,11 Jun 2010 - 16:00 ,Group A,Johannesburg ,South Africa,1,1,2,Mexico,84490,RSA,MEX
2010,South Africa,1,11 Jun 2010 - 20:30 ,Group A,Cape Town ,Uruguay,0,0,0,France,64100,URU,FRA
2010,South Africa,2,12 Jun 2010 - 13:30 ,Group B,Nelson Mandela Bay/Port Elizabeth ,Korea Republic,2,0,2,Greece,31513,KOR,GRE
2010,South Africa,3,12 Jun 2010 - 16:00 ,Group B,Johannesburg ,Argentina,1,0,1,Nigeria,55686,ARG,NGA
2010,South Africa,4,12 Jun 2010 - 20:30 ,Group C,Phokeng ,England,1,1,2,USA,38646,ENG,USA
2010,South Africa,5,13 Jun 2010 - 13:30 ,Group C,Polokwane ,Algeria,0,1,1,Slovenia,30325,ALG,SVN
2010,South Africa,6,13 Jun 2010 - 16:00 ,Group D,Tshwane/Pretoria ,Serbia,0,1,1,Ghana,38833,SRB,GHA
2010,South Africa,7,13 Jun 2010 - 20:30 ,Group D,Durban ,Germany,4,0,4,Australia,62660,GER,AUS
2010,South Africa,8,14 Jun 2010 - 13:30 ,Group E,Johannesburg ,Netherlands,2,0,2,Denmark,83465,NED,DEN
2010,South Africa,9,14 Jun 2010 - 16:00 ,Group E,Mangaung/Bloemfontein ,Japan,1,0,1,Cameroon,30620,JPN,CMR
2010,South Africa,10,14 Jun 2010 - 20:30 ,Group F,Cape Town ,Italy,1,1,2,Paraguay,62869,ITA,PAR
2010,South Africa,11,15 Jun 2010 - 13:30 ,Group F,Phokeng ,New Zealand,1,1,2,Slovakia,23871,NZL,SVK
2010,South Africa,12,15 Jun 2010 - 16:00 ,Group G,Nelson Mandela Bay/Port Elizabeth ,C�te d'Ivoire,0,0,0,Portugal,37034,CIV,POR
2010,South Africa,13,15 Jun 2010 - 20:30 ,Group G,Johannesburg ,Brazil,2,1,3,Korea DPR,54331,BRA,PRK
2010,South Africa,14,16 Jun 2010 - 13:30 ,Group H,Nelspruit ,Honduras,0,1,1,Chile,32664,HON,CHI
2010,South Africa,15,16 Jun 2010 - 16:00 ,Group H,Durban ,Spain,0,1,1,Switzerland,62453,ESP,SUI
2010,South Africa,16,16 Jun 2010 - 20:30 ,Group A,Tshwane/Pretoria ,South Africa,0,3,3,Uruguay,42658,RSA,URU
2010,South Africa,17,17 Jun 2010 - 13:30 ,Group B,Johannesburg ,Argentina,4,1,5,Korea Republic,82174,ARG,KOR
2010,South Africa,18,17 Jun 2010 - 16:00 ,Group B,Mangaung/Bloemfontein ,Greece,2,1,3,Nigeria,31593,GRE,NGA
2010,South Africa,19,17 Jun 2010 - 20:30 ,Group A,Polokwane ,France,0,2,2,Mexico,35370,FRA,MEX
2010,South Africa,20,18 Jun 2010 - 13:30 ,Group D,Nelson Mandela Bay/Port Elizabeth ,Germany,0,1,1,Serbia,38294,GER,SRB
2010,South Africa,21,18 Jun 2010 - 16:00 ,Group C,Johannesburg ,Slovenia,2,2,4,USA,45573,SVN,USA
2010,South Africa,22,18 Jun 2010 - 20:30 ,Group C,Cape Town ,England,0,0,0,Algeria,64100,ENG,ALG
2010,South Africa,23,19 Jun 2010 - 13:30 ,Group E,Durban ,Netherlands,1,0,1,Japan,62010,NED,JPN
2010,South Africa,24,19 Jun 2010 - 16:00 ,Group D,Phokeng ,Ghana,1,1,2,Australia,34812,GHA,AUS
2010,South Africa,25,19 Jun 2010 - 20:30 ,Group E,Tshwane/Pretoria ,Cameroon,1,2,3,Denmark,38074,CMR,DEN
2010,South Africa,26,20 Jun 2010 - 13:30 ,Group F,Mangaung/Bloemfontein ,Slovakia,0,2,2,Paraguay,26643,SVK,PAR
2010,South Africa,27,20 Jun 2010 - 16:00 ,Group F,Nelspruit ,Italy,1,1,2,New Zealand,38229,ITA,NZL
2010,South Africa,28,20 Jun 2010 - 20:30 ,Group G,Johannesburg ,Brazil,3,1,4,C�te d'Ivoire,84455,BRA,CIV
2010,South Africa,29,21 Jun 2010 - 13:30 ,Group G,Cape Town ,Portugal,7,0,7,Korea DPR,63644,POR,PRK
2010,South Africa,30,21 Jun 2010 - 16:00 ,Group H,Nelson Mandela Bay/Port Elizabeth ,Chile,1,0,1,Switzerland,34872,CHI,SUI
2010,South Africa,31,21 Jun 2010 - 20:30 ,Group H,Johannesburg ,Spain,2,0,2,Honduras,54386,ESP,HON
2010,South Africa,32,22 Jun 2010 - 16:00 ,Group A,Phokeng ,Mexico,0,1,1,Uruguay,33425,MEX,URU
2010,South Africa,33,22 Jun 2010 - 16:00 ,Group A,Mangaung/Bloemfontein ,France,1,2,3,South Africa,39415,FRA,RSA
2010,South Africa,34,22 Jun 2010 - 20:30 ,Group B,Durban ,Nigeria,2,2,4,Korea Republic,61874,NGA,KOR
2010,South Africa,35,22 Jun 2010 - 20:30 ,Group B,Polokwane ,Greece,0,2,2,Argentina,38891,GRE,ARG
2010,South Africa,36,23 Jun 2010 - 16:00 ,Group C,Nelson Mandela Bay/Port Elizabeth ,Slovenia,0,1,1,England,36893,SVN,ENG
2010,South Africa,37,23 Jun 2010 - 16:00 ,Group C,Tshwane/Pretoria ,USA,1,0,1,Algeria,35827,USA,ALG
2010,South Africa,38,23 Jun 2010 - 20:30 ,Group D,Johannesburg ,Ghana,0,1,1,Germany,83391,GHA,GER
2010,South Africa,39,23 Jun 2010 - 20:30 ,Group D,Nelspruit ,Australia,2,1,3,Serbia,37836,AUS,SRB
2010,South Africa,40,24 Jun 2010 - 16:00 ,Group F,Johannesburg ,Slovakia,3,2,5,Italy,53412,SVK,ITA
2010,South Africa,41,24 Jun 2010 - 16:00 ,Group F,Polokwane ,Paraguay,0,0,0,New Zealand,34850,PAR,NZL
2010,South Africa,42,24 Jun 2010 - 20:30 ,Group E,Phokeng ,Denmark,1,3,4,Japan,27967,DEN,JPN
2010,South Africa,43,24 Jun 2010 - 20:30 ,Group E,Cape Town ,Cameroon,1,2,3,Netherlands,63093,CMR,NED
2010,South Africa,44,25 Jun 2010 - 16:00 ,Group G,Durban ,Portugal,0,0,0,Brazil,62712,POR,BRA
2010,South Africa,45,25 Jun 2010 - 16:00 ,Group G,Nelspruit ,Korea DPR,0,3,3,C�te d'Ivoire,34763,PRK,CIV
2010,South Africa,46,25 Jun 2010 - 20:30 ,Group H,Tshwane/Pretoria ,Chile,1,2,3,Spain,41958,CHI,ESP
2010,South Africa,47,25 Jun 2010 - 20:30 ,Group H,Mangaung/Bloemfontein ,Switzerland,0,0,0,Honduras,28042,SUI,HON
2010,South Africa,48,26 Jun 2010 - 16:00 ,Round of 16,Nelson Mandela Bay/Port Elizabeth ,Uruguay,2,1,3,Korea Republic,30597,URU,KOR
2010,South Africa,49,26 Jun 2010 - 20:30 ,Round of 16,Phokeng ,USA,1,2,3,Ghana,34976,USA,GHA
2010,South Africa,50,27 Jun 2010 - 16:00 ,Round of 16,Mangaung/Bloemfontein ,Germany,4,1,5,England,40510,GER,ENG
2010,South Africa,51,27 Jun 2010 - 20:30 ,Round of 16,Johannesburg ,Argentina,3,1,4,Mexico,84377,ARG,MEX
2010,South Africa,52,28 Jun 2010 - 16:00 ,Round of 16,Durban ,Netherlands,2,1,3,Slovakia,61962,NED,SVK
2010,South Africa,53,28 Jun 2010 - 20:30 ,Round of 16,Johannesburg ,Brazil,3,0,3,Chile,54096,BRA,CHI
2010,South Africa,54,29 Jun 2010 - 16:00 ,Round of 16,Tshwane/Pretoria ,Paraguay,0,0,0,Japan,36742,PAR,JPN
2010,South Africa,55,29 Jun 2010 - 20:30 ,Round of 16,Cape Town ,Spain,1,0,1,Portugal,62955,ESP,POR
2010,South Africa,56,02 Jul 2010 - 16:00 ,Quarter-finals,Nelson Mandela Bay/Port Elizabeth ,Netherlands,2,1,3,Brazil,40186,NED,BRA
2010,South Africa,57,02 Jul 2010 - 20:30 ,Quarter-finals,Johannesburg ,Uruguay,1,1,2,Ghana,84017,URU,GHA
2010,South Africa,58,03 Jul 2010 - 16:00 ,Quarter-finals,Cape Town ,Argentina,0,4,4,Germany,64100,ARG,GER
2010,South Africa,59,03 Jul 2010 - 20:30 ,Quarter-finals,Johannesburg ,Paraguay,0,1,1,Spain,55359,PAR,ESP
2010,South Africa,60,06 Jul 2010 - 20:30 ,Semi-finals,Cape Town ,Uruguay,2,3,5,Netherlands,62479,URU,NED
2010,South Africa,61,07 Jul 2010 - 20:30 ,Semi-finals,Durban ,Germany,0,1,1,Spain,60960,GER,ESP
2010,South Africa,62,10 Jul 2010 - 20:30 ,Match for third place,Nelson Mandela Bay/Port Elizabeth ,Uruguay,2,3,5,Germany,36254,URU,GER
2010,South Africa,63,11 Jul 2010 - 20:30 ,Final,Johannesburg ,Netherlands,0,1,1,Spain,84490,NED,ESP
2014,Brazil,1,12 Jun 2014 - 17:00 ,Group A,Sao Paulo ,Brazil,3,1,4,Croatia,62103,BRA,CRO
2014,Brazil,2,13 Jun 2014 - 13:00 ,Group A,Natal ,Mexico,1,0,1,Cameroon,39216,MEX,CMR
2014,Brazil,3,13 Jun 2014 - 16:00 ,Group B,Salvador ,Spain,1,5,6,Netherlands,48173,ESP,NED
2014,Brazil,4,13 Jun 2014 - 18:00 ,Group B,Cuiaba ,Chile,3,1,4,Australia,40275,CHI,AUS
2014,Brazil,5,14 Jun 2014 - 13:00 ,Group C,Belo Horizonte ,Colombia,3,0,3,Greece,57174,COL,GRE
2014,Brazil,6,14 Jun 2014 - 16:00 ,Group D,Fortaleza ,Uruguay,1,3,4,Costa Rica,58679,URU,CRC
2014,Brazil,7,14 Jun 2014 - 18:00 ,Group D,Manaus ,England,1,2,3,Italy,39800,ENG,ITA
2014,Brazil,8,14 Jun 2014 - 22:00 ,Group C,Recife ,C�te d'Ivoire,2,1,3,Japan,40267,CIV,JPN
2014,Brazil,9,15 Jun 2014 - 13:00 ,Group E,Brasilia ,Switzerland,2,1,3,Ecuador,68351,SUI,ECU
2014,Brazil,10,15 Jun 2014 - 16:00 ,Group E,Porto Alegre ,France,3,0,3,Honduras,43012,FRA,HON
2014,Brazil,11,15 Jun 2014 - 19:00 ,Group F,Rio De Janeiro ,Argentina,2,1,3,"rn"">Bosnia and Herzegovina",74738,ARG,BIH
2014,Brazil,12,16 Jun 2014 - 13:00 ,Group G,Salvador ,Germany,4,0,4,Portugal,51081,GER,POR
2014,Brazil,13,16 Jun 2014 - 16:00 ,Group F,Curitiba ,IR Iran,0,0,0,Nigeria,39081,IRN,NGA
2014,Brazil,14,16 Jun 2014 - 19:00 ,Group G,Natal ,Ghana,1,2,3,USA,39760,GHA,USA
2014,Brazil,15,17 Jun 2014 - 13:00 ,Group H,Belo Horizonte ,Belgium,2,1,3,Algeria,56800,BEL,ALG
2014,Brazil,16,17 Jun 2014 - 16:00 ,Group A,Fortaleza ,Brazil,0,0,0,Mexico,60342,BRA,MEX
2014,Brazil,17,17 Jun 2014 - 18:00 ,Group H,Cuiaba ,Russia,1,1,2,Korea Republic,37603,RUS,KOR
2014,Brazil,18,18 Jun 2014 - 13:00 ,Group B,Porto Alegre ,Australia,2,3,5,Netherlands,42877,AUS,NED
2014,Brazil,19,18 Jun 2014 - 16:00 ,Group B,Rio De Janeiro ,Spain,0,2,2,Chile,74101,ESP,CHI
2014,Brazil,20,18 Jun 2014 - 18:00 ,Group A,Manaus ,Cameroon,0,4,4,Croatia,39982,CMR,CRO
2014,Brazil,21,19 Jun 2014 - 13:00 ,Group C,Brasilia ,Colombia,2,1,3,C�te d'Ivoire,68748,COL,CIV
2014,Brazil,22,19 Jun 2014 - 16:00 ,Group D,Sao Paulo ,Uruguay,2,1,3,England,62575,URU,ENG
2014,Brazil,23,19 Jun 2014 - 19:00 ,Group C,Natal ,Japan,0,0,0,Greece,39485,JPN,GRE
2014,Brazil,24,20 Jun 2014 - 13:00 ,Group D,Recife ,Italy,0,1,1,Costa Rica,40285,ITA,CRC
2014,Brazil,25,20 Jun 2014 - 16:00 ,Group E,Salvador ,Switzerland,2,5,7,France,51003,SUI,FRA
2014,Brazil,26,20 Jun 2014 - 19:00 ,Group E,Curitiba ,Honduras,1,2,3,Ecuador,39224,HON,ECU
2014,Brazil,27,21 Jun 2014 - 13:00 ,Group F,Belo Horizonte ,Argentina,1,0,1,IR Iran,57698,ARG,IRN
2014,Brazil,28,21 Jun 2014 - 16:00 ,Group G,Fortaleza ,Germany,2,2,4,Ghana,59621,GER,GHA
2014,Brazil,29,21 Jun 2014 - 18:00 ,Group F,Cuiaba ,Nigeria,1,0,1,"rn"">Bosnia and Herzegovina",40499,NGA,BIH
2014,Brazil,30,22 Jun 2014 - 13:00 ,Group H,Rio De Janeiro ,Belgium,1,0,1,Russia,73819,BEL,RUS
2014,Brazil,31,22 Jun 2014 - 16:00 ,Group H,Porto Alegre ,Korea Republic,2,4,6,Algeria,42732,KOR,ALG
2014,Brazil,32,22 Jun 2014 - 18:00 ,Group G,Manaus ,USA,2,2,4,Portugal,40123,USA,POR
2014,Brazil,33,23 Jun 2014 - 13:00 ,Group B,Curitiba ,Australia,0,3,3,Spain,39375,AUS,ESP
2014,Brazil,34,23 Jun 2014 - 13:00 ,Group B,Sao Paulo ,Netherlands,2,0,2,Chile,62996,NED,CHI
2014,Brazil,35,23 Jun 2014 - 17:00 ,Group A,Brasilia ,Cameroon,1,4,5,Brazil,69112,CMR,BRA
2014,Brazil,36,23 Jun 2014 - 17:00 ,Group A,Recife ,Croatia,1,3,4,Mexico,41212,CRO,MEX
2014,Brazil,37,24 Jun 2014 - 13:00 ,Group D,Natal ,Italy,0,1,1,Uruguay,39706,ITA,URU
2014,Brazil,38,24 Jun 2014 - 13:00 ,Group D,Belo Horizonte ,Costa Rica,0,0,0,England,57823,CRC,ENG
2014,Brazil,39,24 Jun 2014 - 16:00 ,Group C,Cuiaba ,Japan,1,4,5,Colombia,40340,JPN,COL
2014,Brazil,40,24 Jun 2014 - 17:00 ,Group C,Fortaleza ,Greece,2,1,3,C�te d'Ivoire,59095,GRE,CIV
2014,Brazil,41,25 Jun 2014 - 13:00 ,Group F,Porto Alegre ,Nigeria,2,3,5,Argentina,43285,NGA,ARG
2014,Brazil,42,25 Jun 2014 - 13:00 ,Group F,Salvador ,"rn"">Bosnia and Herzegovina",3,1,4,IR Iran,48011,BIH,IRN
2014,Brazil,43,25 Jun 2014 - 16:00 ,Group E,Manaus ,Honduras,0,3,3,Switzerland,40322,HON,SUI
2014,Brazil,44,25 Jun 2014 - 17:00 ,Group E,Rio De Janeiro ,Ecuador,0,0,0,France,73749,ECU,FRA
2014,Brazil,45,26 Jun 2014 - 13:00 ,Group G,Recife ,USA,0,1,1,Germany,41876,USA,GER
2014,Brazil,46,26 Jun 2014 - 13:00 ,Group G,Brasilia ,Portugal,2,1,3,Ghana,67540,POR,GHA
2014,Brazil,47,26 Jun 2014 - 17:00 ,Group H,Sao Paulo ,Korea Republic,0,1,1,Belgium,61397,KOR,BEL
2014,Brazil,48,26 Jun 2014 - 17:00 ,Group H,Curitiba ,Algeria,1,1,2,Russia,39311,ALG,RUS
2014,Brazil,49,28 Jun 2014 - 13:00 ,Round of 16,Belo Horizonte ,Brazil,1,1,2,Chile,57714,BRA,CHI
2014,Brazil,50,28 Jun 2014 - 17:00 ,Round of 16,Rio De Janeiro ,Colombia,2,0,2,Uruguay,73804,COL,URU
2014,Brazil,51,30 Jun 2014 - 13:00 ,Round of 16,Brasilia ,France,2,0,2,Nigeria,67882,FRA,NGA
2014,Brazil,52,30 Jun 2014 - 17:00 ,Round of 16,Porto Alegre ,Germany,2,1,3,Algeria,,GER,ALG
2014,Brazil,53,04 Jul 2014 - 17:00 ,Quarter-finals,Fortaleza ,Brazil,2,1,3,Colombia,60342,BRA,COL
2014,Brazil,54,04 Jul 2014 - 13:00 ,Quarter-finals,Rio De Janeiro ,France,0,1,1,Germany,74240,FRA,GER
2014,Brazil,55,08 Jul 2014 - 17:00 ,Semi-finals,Belo Horizonte ,Brazil,1,7,8,Germany,58141,BRA,GER
2014,Brazil,56,12 Jul 2014 - 17:00 ,Play-off for third place,Brasilia ,Brazil,0,3,3,Netherlands,68034,BRA,NED
2014,Brazil,57,13 Jul 2014 - 16:00 ,Final,Rio De Janeiro ,Germany,1,0,1,Argentina,74738,GER,ARG
2014,Brazil,58,09 Jul 2014 - 17:00 ,Semi-finals,Sao Paulo ,Netherlands,0,0,0,Argentina,63267,NED,ARG
2014,Brazil,59,05 Jul 2014 - 17:00 ,Quarter-finals,Salvador ,Netherlands,0,0,0,Costa Rica,51179,NED,CRC
2014,Brazil,60,05 Jul 2014 - 13:00 ,Quarter-finals,Brasilia ,Argentina,1,0,1,Belgium,68551,ARG,BEL
2014,Brazil,61,29 Jun 2014 - 13:00 ,Round of 16,Fortaleza ,Netherlands,2,1,3,Mexico,58817,NED,MEX
2014,Brazil,62,29 Jun 2014 - 17:00 ,Round of 16,Recife ,Costa Rica,1,1,2,Greece,41242,CRC,GRE
2014,Brazil,63,01 Jul 2014 - 13:00 ,Round of 16,Sao Paulo ,Argentina,1,0,1,Switzerland,63255,ARG,SUI
2014,Brazil,64,01 Jul 2014 - 17:00 ,Round of 16,Salvador ,Belgium,2,1,3,USA,51227,BEL,USA
2014,Brazil,65,28 Jun 2014 - 13:00 ,Round of 16,Belo Horizonte ,Brazil,1,1,2,Chile,57714,BRA,CHI
2014,Brazil,66,28 Jun 2014 - 17:00 ,Round of 16,Rio De Janeiro ,Colombia,2,0,2,Uruguay,73804,COL,URU
2014,Brazil,67,29 Jun 2014 - 13:00 ,Round of 16,Fortaleza ,Netherlands,2,1,3,Mexico,58817,NED,MEX
2014,Brazil,68,29 Jun 2014 - 17:00 ,Round of 16,Recife ,Costa Rica,1,1,2,Greece,41242,CRC,GRE
2014,Brazil,69,30 Jun 2014 - 13:00 ,Round of 16,Brasilia ,France,2,0,2,Nigeria,67882,FRA,NGA
2014,Brazil,70,30 Jun 2014 - 17:00 ,Round of 16,Porto Alegre ,Germany,2,1,3,Algeria,,GER,ALG
2014,Brazil,71,01 Jul 2014 - 13:00 ,Round of 16,Sao Paulo ,Argentina,1,0,1,Switzerland,63255,ARG,SUI
2014,Brazil,72,01 Jul 2014 - 17:00 ,Round of 16,Salvador ,Belgium,2,1,3,USA,51227,BEL,USA
2014,Brazil,73,04 Jul 2014 - 13:00 ,Quarter-finals,Rio De Janeiro ,France,0,1,1,Germany,74240,FRA,GER
2014,Brazil,74,04 Jul 2014 - 17:00 ,Quarter-finals,Fortaleza ,Brazil,2,1,3,Colombia,60342,BRA,COL
2014,Brazil,75,05 Jul 2014 - 13:00 ,Quarter-finals,Brasilia ,Argentina,1,0,1,Belgium,68551,ARG,BEL
2014,Brazil,76,05 Jul 2014 - 17:00 ,Quarter-finals,Salvador ,Netherlands,0,0,0,Costa Rica,51179,NED,CRC
2014,Brazil,77,08 Jul 2014 - 17:00 ,Semi-finals,Belo Horizonte ,Brazil,1,7,8,Germany,58141,BRA,GER
2014,Brazil,78,09 Jul 2014 - 17:00 ,Semi-finals,Sao Paulo ,Netherlands,0,0,0,Argentina,63267,NED,ARG
2014,Brazil,79,12 Jul 2014 - 17:00 ,Play-off for third place,Brasilia ,Brazil,0,3,3,Netherlands,68034,BRA,NED
2014,Brazil,80,13 Jul 2014 - 16:00 ,Final,Rio De Janeiro ,Germany,1,0,1,Argentina,74738,GER,ARG
