Year,Datetime,Stage,City,Home Team Name,Home Team Goals,Away Team Name,Away Team Goals
1930,13 Jul 1930 - 15:00 ,Group 1,Montevideo ,France,4,Mexico,1
1930,13 Jul 1930 - 15:00 ,Group 4,Montevideo ,USA,3,Belgium,0
1930,14 Jul 1930 - 12:45 ,Group 2,Montevideo ,Yugoslavia,2,Brazil,1
1930,14 Jul 1930 - 14:50 ,Group 3,Montevideo ,Romania,3,Peru,1
1930,15 Jul 1930 - 16:00 ,Group 1,Montevideo ,Argentina,1,France,0
1930,16 Jul 1930 - 14:45 ,Group 1,Montevideo ,Chile,3,Mexico,0
1930,17 Jul 1930 - 12:45 ,Group 2,Montevideo ,Yugoslavia,4,Bolivia,0
1930,17 Jul 1930 - 14:45 ,Group 4,Montevideo ,USA,3,Paraguay,0
1930,18 Jul 1930 - 14:30 ,Group 3,Montevideo ,Uruguay,1,Peru,0
1930,19 Jul 1930 - 12:50 ,Group 1,Montevideo ,Chile,1,France,0
1930,19 Jul 1930 - 15:00 ,Group 1,Montevideo ,Argentina,6,Mexico,3
1930,20 Jul 1930 - 13:00 ,Group 2,Montevideo ,Brazil,4,Bolivia,0
1930,20 Jul 1930 - 15:00 ,Group 4,Montevideo ,Paraguay,1,Belgium,0
1930,21 Jul 1930 - 14:50 ,Group 3,Montevideo ,Uruguay,4,Romania,0
1930,22 Jul 1930 - 14:45 ,Group 1,Montevideo ,Argentina,3,Chile,1
1930,26 Jul 1930 - 14:45 ,Semi-finals,Montevideo ,Argentina,6,USA,1
1930,27 Jul 1930 - 14:45 ,Semi-finals,Montevideo ,Uruguay,6,Yugoslavia,1
1930,30 Jul 1930 - 14:15 ,Final,Montevideo ,Uruguay,4,Argentina,2
1934,27 May 1934 - 16:30 ,Preliminary round,Turin ,Austria,3,France,2
1934,27 May 1934 - 16:30 ,Preliminary round,Naples ,Hungary,4,Egypt,2
1934,27 May 1934 - 16:30 ,Preliminary round,Milan ,Switzerland,3,Netherlands,2
1934,27 May 1934 - 16:30 ,Preliminary round,Bologna ,Sweden,3,Argentina,2
1934,27 May 1934 - 16:30 ,Preliminary round,Florence ,Germany,5,Belgium,2
1934,27 May 1934 - 16:30 ,Preliminary round,Genoa ,Spain,3,Brazil,1
1934,27 May 1934 - 16:30 ,Preliminary round,Rome ,Italy,7,USA,1
1934,27 May 1934 - 16:30 ,Preliminary round,Trieste ,Czechoslovakia,2,Romania,1
1934,31 May 1934 - 16:30 ,Quarter-finals,Turin ,Czechoslovakia,3,Switzerland,2
1934,31 May 1934 - 16:30 ,Quarter-finals,Milan ,Germany,2,Sweden,1
1934,31 May 1934 - 16:30 ,Quarter-finals,Florence ,Italy,1,Spain,1
1934,31 May 1934 - 16:30 ,Quarter-finals,Bologna ,Austria,2,Hungary,1
1934,01 Jun 1934 - 16:30 ,Quarter-finals,Florence ,Italy,1,Spain,0
1934,03 Jun 1934 - 16:30 ,Semi-finals,Milan ,Italy,1,Austria,0
1934,03 Jun 1934 - 16:30 ,Semi-finals,Rome ,Czechoslovakia,3,Germany,1
1934,07 Jun 1934 - 18:00 ,Match for third place,Naples ,Germany,3,Austria,2
1934,10 Jun 1934 - 17:30 ,Final,Rome ,Italy,2,Czechoslovakia,1
1938,04 Jun 1938 - 17:00 ,First round,Paris ,Switzerland,1,Germany,1
1938,05 Jun 1938 - 17:00 ,First round,Reims ,Hungary,6,Dutch East Indies,0
1938,05 Jun 1938 - 17:00 ,First round,Colombes ,France,3,Belgium,1
1938,05 Jun 1938 - 17:00 ,First round,Toulouse ,Cuba,3,Romania,3
1938,05 Jun 1938 - 17:00 ,First round,Marseilles ,Italy,2,Norway,1
1938,05 Jun 1938 - 17:30 ,First round,Strasbourg ,Brazil,6,Poland,5
1938,05 Jun 1938 - 18:30 ,First round,Le Havre ,Czechoslovakia,3,Netherlands,0
1938,09 Jun 1938 - 18:00 ,First round,Toulouse ,Cuba,2,Romania,1
1938,09 Jun 1938 - 18:00 ,First round,Paris ,Switzerland,4,Germany,2
1938,12 Jun 1938 - 17:00 ,Quarter-finals,Bordeaux ,Brazil,1,Czechoslovakia,1
1938,12 Jun 1938 - 17:00 ,Quarter-finals,Lille ,Hungary,2,Switzerland,0
1938,12 Jun 1938 - 17:00 ,Quarter-finals,Antibes ,Sweden,8,Cuba,0
1938,12 Jun 1938 - 17:00 ,Quarter-finals,Colombes ,Italy,3,France,1
1938,14 Jun 1938 - 18:00 ,Quarter-finals,Bordeaux ,Brazil,2,Czechoslovakia,1
1938,16 Jun 1938 - 18:00 ,Semi-finals,Paris ,Hungary,5,Sweden,1
1938,16 Jun 1938 - 18:00 ,Semi-finals,Marseilles ,Italy,2,Brazil,1
1938,19 Jun 1938 - 17:00 ,Match for third place,Bordeaux ,Brazil,4,Sweden,2
1938,19 Jun 1938 - 17:00 ,Final,Colombes ,Italy,4,Hungary,2
1950,24 Jun 1950 - 15:00 ,Group 1,Rio De Janeiro ,Brazil,4,Mexico,0
1950,25 Jun 1950 - 15:00 ,Group 2,Rio De Janeiro ,England,2,Chile,0
1950,25 Jun 1950 - 15:00 ,Group 2,Curitiba ,Spain,3,USA,1
1950,25 Jun 1950 - 15:00 ,Group 3,Sao Paulo ,Sweden,3,Italy,2
1950,25 Jun 1950 - 15:00 ,Group 1,Belo Horizonte ,Yugoslavia,3,Switzerland,0
1950,28 Jun 1950 - 15:00 ,Group 1,Sao Paulo ,Brazil,2,Switzerland,2
1950,28 Jun 1950 - 15:00 ,Group 1,Porto Alegre ,Yugoslavia,4,Mexico,1
1950,29 Jun 1950 - 15:00 ,Group 2,Rio De Janeiro ,Spain,2,Chile,0
1950,29 Jun 1950 - 15:30 ,Group 3,Curitiba ,Sweden,2,Paraguay,2
1950,29 Jun 1950 - 15:00 ,Group 2,Belo Horizonte ,USA,1,England,0
1950,01 Jul 1950 - 15:00 ,Group 1,Rio De Janeiro ,Brazil,2,Yugoslavia,0
1950,02 Jul 1950 - 15:00 ,Group 2,Rio De Janeiro ,Spain,1,England,0
1950,02 Jul 1950 - 15:00 ,Group 3,Sao Paulo ,Italy,2,Paraguay,0
1950,02 Jul 1950 - 15:00 ,Group 4,Belo Horizonte ,Uruguay,8,Bolivia,0
1950,02 Jul 1950 - 15:40 ,Group 1,Porto Alegre ,Switzerland,2,Mexico,1
1950,02 Jul 1950 - 15:00 ,Group 2,Recife ,Chile,5,USA,2
1950,09 Jul 1950 - 15:00 ,Group 6,Sao Paulo ,Uruguay,2,Spain,2
1950,09 Jul 1950 - 15:00 ,Group 6,Rio De Janeiro ,Brazil,7,Sweden,1
1950,13 Jul 1950 - 15:00 ,Group 6,Rio De Janeiro ,Brazil,6,Spain,1
1950,13 Jul 1950 - 15:00 ,Group 6,Sao Paulo ,Uruguay,3,Sweden,2
1950,16 Jul 1950 - 15:00 ,Group 6,Sao Paulo ,Sweden,3,Spain,1
1950,16 Jul 1950 - 15:00 ,Group 6,Rio De Janeiro ,Uruguay,2,Brazil,1
1954,16 Jun 1954 - 18:00 ,Group 3,Berne ,Uruguay,2,Czechoslovakia,0
1954,16 Jun 1954 - 18:00 ,Group 3,Zurich ,Austria,1,Scotland,0
1954,16 Jun 1954 - 18:00 ,Group 1,Geneva ,Brazil,5,Mexico,0
1954,16 Jun 1954 - 18:00 ,Group 1,Lausanne ,Yugoslavia,1,France,0
1954,17 Jun 1954 - 18:00 ,Group 2,Berne ,Germany FR,4,Turkey,1
1954,17 Jun 1954 - 18:00 ,Group 2,Zurich ,Hungary,9,Korea Republic,0
1954,17 Jun 1954 - 18:10 ,Group 4,Basel ,England,4,Belgium,4
1954,17 Jun 1954 - 17:50 ,Group 4,Lausanne ,Switzerland,2,Italy,1
1954,19 Jun 1954 - 16:50 ,Group 3,Basel ,Uruguay,7,Scotland,0
1954,19 Jun 1954 - 17:00 ,Group 3,Zurich ,Austria,5,Czechoslovakia,0
1954,19 Jun 1954 - 17:10 ,Group 1,Geneva ,France,3,Mexico,2
1954,19 Jun 1954 - 17:00 ,Group 1,Lausanne ,Brazil,1,Yugoslavia,1
1954,20 Jun 1954 - 16:50 ,Group 2,Basel ,Hungary,8,Germany FR,3
1954,20 Jun 1954 - 17:00 ,Group 2,Geneva ,Turkey,7,Korea Republic,0
1954,20 Jun 1954 - 17:10 ,Group 4,Berne ,England,2,Switzerland,0
1954,20 Jun 1954 - 17:00 ,Group 4,Lugano ,Italy,4,Belgium,1
1954,23 Jun 1954 - 18:00 ,Group 2,Zurich ,Germany FR,7,Turkey,2
1954,23 Jun 1954 - 18:00 ,Group 4,Basel ,Switzerland,4,Italy,1
1954,26 Jun 1954 - 17:00 ,Quarter-finals,Basel ,Uruguay,4,England,2
1954,26 Jun 1954 - 17:00 ,Quarter-finals,Lausanne ,Austria,7,Switzerland,5
1954,27 Jun 1954 - 17:00 ,Quarter-finals,Geneva ,Germany FR,2,Yugoslavia,0
1954,27 Jun 1954 - 17:00 ,Quarter-finals,Berne ,Hungary,4,Brazil,2
1954,30 Jun 1954 - 18:00 ,Semi-finals,Basel ,Germany FR,6,Austria,1
1954,30 Jun 1954 - 18:00 ,Semi-finals,Lausanne ,Hungary,4,Uruguay,2
1954,03 Jul 1954 - 17:00 ,Match for third place,Zurich ,Austria,3,Uruguay,1
1954,04 Jul 1954 - 17:00 ,Final,Berne ,Germany FR,3,Hungary,2
1958,08 Jun 1958 - 14:00 ,Group 3,Solna ,Sweden,3,Mexico,0
1958,08 Jun 1958 - 19:00 ,Group 4,Gothenburg ,Soviet Union,2,England,2
1958,08 Jun 1958 - 19:00 ,Group 1,Malm� ,Argentina,1,Germany FR,3
1958,08 Jun 1958 - 19:00 ,Group 3,Sandviken ,Hungary,1,Wales,1
1958,08 Jun 1958 - 19:00 ,Group 2,Norrk�Ping ,France,7,Paraguay,3
1958,08 Jun 1958 - 19:00 ,Group 2,Vasteras ,Yugoslavia,1,Scotland,1
1958,08 Jun 1958 - 19:00 ,Group 4,Udevalla ,Brazil,3,Austria,0
1958,08 Jun 1958 - 19:00 ,Group 1,Halmstad ,Northern Ireland,1,Czechoslovakia,0
1958,11 Jun 1958 - 19:00 ,Group 4,Gothenburg ,Brazil,0,England,0
1958,11 Jun 1958 - 19:00 ,Group 3,Solna ,Mexico,1,Wales,1
1958,11 Jun 1958 - 19:00 ,Group 2,Norrk�Ping ,Paraguay,3,Scotland,2
1958,11 Jun 1958 - 19:00 ,Group 2,Vasteras ,Yugoslavia,3,France,2
1958,11 Jun 1958 - 19:00 ,Group 4,Boras ,Soviet Union,2,Austria,0
1958,11 Jun 1958 - 19:00 ,Group 1,Helsingborg ,Germany FR,2,Czechoslovakia,2
1958,11 Jun 1958 - 19:00 ,Group 1,Halmstad ,Argentina,3,Northern Ireland,1
1958,12 Jun 1958 - 19:00 ,Group 3,Solna ,Sweden,2,Hungary,1
1958,15 Jun 1958 - 14:00 ,Group 3,Solna ,Sweden,0,Wales,0
1958,15 Jun 1958 - 19:00 ,Group 4,Gothenburg ,Brazil,2,Soviet Union,0
1958,15 Jun 1958 - 19:00 ,Group 1,Malm� ,Germany FR,2,Northern Ireland,2
1958,15 Jun 1958 - 19:00 ,Group 3,Sandviken ,Hungary,4,Mexico,0
1958,15 Jun 1958 - 19:00 ,Group 2,Eskilstuna ,Paraguay,3,Yugoslavia,3
1958,15 Jun 1958 - 19:00 ,Group 2,Orebro ,France,2,Scotland,1
1958,15 Jun 1958 - 19:00 ,Group 4,Boras ,England,2,Austria,2
1958,15 Jun 1958 - 19:00 ,Group 1,Helsingborg ,Czechoslovakia,6,Argentina,1
1958,17 Jun 1958 - 19:00 ,Group 4,Gothenburg ,Soviet Union,1,England,0
1958,17 Jun 1958 - 19:00 ,Group 1,Malm� ,Northern Ireland,2,Czechoslovakia,1
1958,17 Jun 1958 - 19:00 ,Group 3,Solna ,Wales,2,Hungary,1
1958,19 Jun 1958 - 19:00 ,Quarter-finals,Gothenburg ,Brazil,1,Wales,0
1958,19 Jun 1958 - 19:00 ,Quarter-finals,Malm� ,Germany FR,1,Yugoslavia,0
1958,19 Jun 1958 - 19:00 ,Quarter-finals,Solna ,Sweden,2,Soviet Union,0
1958,19 Jun 1958 - 19:00 ,Quarter-finals,Norrk�Ping ,France,4,Northern Ireland,0
1958,24 Jun 1958 - 19:00 ,Semi-finals,Gothenburg ,Sweden,3,Germany FR,1
1958,24 Jun 1958 - 19:00 ,Semi-finals,Solna ,Brazil,5,France,2
1958,28 Jun 1958 - 17:00 ,Match for third place,Gothenburg ,France,6,Germany FR,3
1958,29 Jun 1958 - 15:00 ,Final,Solna ,Brazil,5,Sweden,2
1962,30 May 1962 - 15:00 ,Group 1,Arica ,Uruguay,2,Colombia,1
1962,30 May 1962 - 15:00 ,Group 3,Vina Del Mar ,Brazil,2,Mexico,0
1962,30 May 1962 - 15:00 ,Group 4,Rancagua ,Argentina,1,Bulgaria,0
1962,30 May 1962 - 15:00 ,Group 2,Santiago De Chile ,Chile,3,Switzerland,1
1962,31 May 1962 - 15:00 ,Group 1,Arica ,Soviet Union,2,Yugoslavia,0
1962,31 May 1962 - 15:00 ,Group 3,Vina Del Mar ,Czechoslovakia,1,Spain,0
1962,31 May 1962 - 15:00 ,Group 4,Rancagua ,Hungary,2,England,1
1962,31 May 1962 - 15:00 ,Group 2,Santiago De Chile ,Germany FR,0,Italy,0
1962,02 Jun 1962 - 15:00 ,Group 1,Arica ,Yugoslavia,3,Uruguay,1
1962,02 Jun 1962 - 15:00 ,Group 3,Vina Del Mar ,Brazil,0,Czechoslovakia,0
1962,02 Jun 1962 - 15:00 ,Group 4,Rancagua ,England,3,Argentina,1
1962,02 Jun 1962 - 15:00 ,Group 2,Santiago De Chile ,Chile,2,Italy,0
1962,03 Jun 1962 - 15:00 ,Group 1,Arica ,Soviet Union,4,Colombia,4
1962,03 Jun 1962 - 15:00 ,Group 3,Vina Del Mar ,Spain,1,Mexico,0
1962,03 Jun 1962 - 15:00 ,Group 4,Rancagua ,Hungary,6,Bulgaria,1
1962,03 Jun 1962 - 15:00 ,Group 2,Santiago De Chile ,Germany FR,2,Switzerland,1
1962,06 Jun 1962 - 15:00 ,Group 1,Arica ,Soviet Union,2,Uruguay,1
1962,06 Jun 1962 - 15:00 ,Group 3,Vina Del Mar ,Brazil,2,Spain,1
1962,06 Jun 1962 - 15:00 ,Group 4,Rancagua ,Hungary,0,Argentina,0
1962,06 Jun 1962 - 15:00 ,Group 2,Santiago De Chile ,Germany FR,2,Chile,0
1962,07 Jun 1962 - 15:00 ,Group 1,Arica ,Yugoslavia,5,Colombia,0
1962,07 Jun 1962 - 15:00 ,Group 3,Vina Del Mar ,Mexico,3,Czechoslovakia,1
1962,07 Jun 1962 - 15:00 ,Group 4,Rancagua ,England,0,Bulgaria,0
1962,07 Jun 1962 - 15:00 ,Group 2,Santiago De Chile ,Italy,3,Switzerland,0
1962,10 Jun 1962 - 14:30 ,Quarter-finals,Arica ,Chile,2,Soviet Union,1
1962,10 Jun 1962 - 14:30 ,Quarter-finals,Vina Del Mar ,Brazil,3,England,1
1962,10 Jun 1962 - 14:30 ,Quarter-finals,Rancagua ,Czechoslovakia,1,Hungary,0
1962,10 Jun 1962 - 14:30 ,Quarter-finals,Santiago De Chile ,Yugoslavia,1,Germany FR,0
1962,13 Jun 1962 - 14:30 ,Semi-finals,Vina Del Mar ,Czechoslovakia,3,Yugoslavia,1
1962,13 Jun 1962 - 14:30 ,Semi-finals,Santiago De Chile ,Brazil,4,Chile,2
1962,16 Jun 1962 - 14:30 ,Match for third place,Santiago De Chile ,Chile,1,Yugoslavia,0
1962,17 Jun 1962 - 14:30 ,Final,Santiago De Chile ,Brazil,3,Czechoslovakia,1
1966,11 Jul 1966 - 19:30 ,Group 1,London ,England,0,Uruguay,0
1966,12 Jul 1966 - 19:30 ,Group 2,Sheffield ,Germany FR,5,Switzerland,0
1966,12 Jul 1966 - 19:30 ,Group 3,Liverpool ,Brazil,2,Bulgaria,0
1966,12 Jul 1966 - 19:30 ,Group 4,Middlesbrough ,Soviet Union,3,Korea DPR,0
1966,13 Jul 1966 - 19:30 ,Group 1,London ,France,1,Mexico,1
1966,13 Jul 1966 - 19:30 ,Group 3,Manchester ,Portugal,3,Hungary,1
1966,13 Jul 1966 - 19:30 ,Group 2,Birmingham ,Argentina,2,Spain,1
1966,13 Jul 1966 - 19:30 ,Group 4,Sunderland ,Italy,2,Chile,0
1966,15 Jul 1966 - 19:30 ,Group 1,London ,Uruguay,2,France,1
1966,15 Jul 1966 - 19:30 ,Group 2,Sheffield ,Spain,2,Switzerland,1
1966,15 Jul 1966 - 19:30 ,Group 3,Liverpool ,Hungary,3,Brazil,1
1966,15 Jul 1966 - 19:30 ,Group 4,Middlesbrough ,Korea DPR,1,Chile,1
1966,16 Jul 1966 - 15:00 ,Group 3,Manchester ,Portugal,3,Bulgaria,0
1966,16 Jul 1966 - 15:00 ,Group 2,Birmingham ,Germany FR,0,Argentina,0
1966,16 Jul 1966 - 15:00 ,Group 4,Sunderland ,Soviet Union,1,Italy,0
1966,16 Jul 1966 - 19:30 ,Group 1,London ,England,2,Mexico,0
1966,19 Jul 1966 - 16:30 ,Group 1,London ,Uruguay,0,Mexico,0
1966,19 Jul 1966 - 19:30 ,Group 2,Sheffield ,Argentina,2,Switzerland,0
1966,19 Jul 1966 - 19:30 ,Group 3,Liverpool ,Portugal,3,Brazil,1
1966,19 Jul 1966 - 19:30 ,Group 4,Middlesbrough ,Korea DPR,1,Italy,0
1966,20 Jul 1966 - 19:30 ,Group 1,London ,England,2,France,0
1966,20 Jul 1966 - 19:30 ,Group 3,Manchester ,Hungary,3,Bulgaria,1
1966,20 Jul 1966 - 19:30 ,Group 2,Birmingham ,Germany FR,2,Spain,1
1966,20 Jul 1966 - 19:30 ,Group 4,Sunderland ,Soviet Union,2,Chile,1
1966,23 Jul 1966 - 15:00 ,Quarter-finals,London ,England,1,Argentina,0
1966,23 Jul 1966 - 15:00 ,Quarter-finals,Sheffield ,Germany FR,4,Uruguay,0
1966,23 Jul 1966 - 15:00 ,Quarter-finals,Sunderland ,Soviet Union,2,Hungary,1
1966,23 Jul 1966 - 15:00 ,Quarter-finals,Liverpool ,Portugal,5,Korea DPR,3
1966,25 Jul 1966 - 19:30 ,Semi-finals,Liverpool ,Germany FR,2,Soviet Union,1
1966,26 Jul 1966 - 19:30 ,Semi-finals,London ,England,2,Portugal,1
1966,28 Jul 1966 - 19:30 ,Match for third place,London ,Portugal,2,Soviet Union,1
1966,30 Jul 1966 - 15:00 ,Final,London ,England,4,Germany FR,2
1970,31 May 1970 - 12:00 ,Group 1,Mexico City ,Mexico,0,Soviet Union,0
1970,02 Jun 1970 - 16:00 ,Group 2,Puebla ,Uruguay,2,Israel,0
1970,02 Jun 1970 - 16:00 ,Group 4,Leon ,Peru,3,Bulgaria,2
1970,02 Jun 1970 - 16:00 ,Group 3,Guadalajara ,England,1,Romania,0
1970,03 Jun 1970 - 16:00 ,Group 2,Toluca ,Italy,1,Sweden,0
1970,03 Jun 1970 - 16:00 ,Group 4,Leon ,Germany FR,2,Morocco,1
1970,03 Jun 1970 - 16:00 ,Group 3,Guadalajara ,Brazil,4,Czechoslovakia,1
1970,03 Jun 1970 - 16:00 ,Group 1,Mexico City ,Belgium,3,El Salvador,0
1970,06 Jun 1970 - 16:00 ,Group 2,Puebla ,Uruguay,0,Italy,0
1970,06 Jun 1970 - 16:00 ,Group 4,Leon ,Peru,3,Morocco,0
1970,06 Jun 1970 - 16:00 ,Group 3,Guadalajara ,Romania,2,Czechoslovakia,1
1970,06 Jun 1970 - 16:00 ,Group 1,Mexico City ,Soviet Union,4,Belgium,1
1970,07 Jun 1970 - 12:00 ,Group 2,Toluca ,Sweden,1,Israel,1
1970,07 Jun 1970 - 12:00 ,Group 4,Leon ,Germany FR,5,Bulgaria,2
1970,07 Jun 1970 - 12:00 ,Group 3,Guadalajara ,Brazil,1,England,0
1970,07 Jun 1970 - 12:00 ,Group 1,Mexico City ,Mexico,4,El Salvador,0
1970,10 Jun 1970 - 16:00 ,Group 2,Puebla ,Sweden,1,Uruguay,0
1970,10 Jun 1970 - 16:00 ,Group 4,Leon ,Germany FR,3,Peru,1
1970,10 Jun 1970 - 16:00 ,Group 3,Guadalajara ,Brazil,3,Romania,2
1970,10 Jun 1970 - 16:00 ,Group 1,Mexico City ,Soviet Union,2,El Salvador,0
1970,11 Jun 1970 - 16:00 ,Group 2,Toluca ,Italy,0,Israel,0
1970,11 Jun 1970 - 16:00 ,Group 4,Leon ,Bulgaria,1,Morocco,1
1970,11 Jun 1970 - 16:00 ,Group 3,Guadalajara ,England,1,Czechoslovakia,0
1970,11 Jun 1970 - 16:00 ,Group 1,Mexico City ,Mexico,1,Belgium,0
1970,14 Jun 1970 - 12:00 ,Quarter-finals,Toluca ,Italy,4,Mexico,1
1970,14 Jun 1970 - 12:00 ,Quarter-finals,Leon ,Germany FR,3,England,2
1970,14 Jun 1970 - 12:00 ,Quarter-finals,Guadalajara ,Brazil,4,Peru,2
1970,14 Jun 1970 - 12:00 ,Quarter-finals,Mexico City ,Uruguay,1,Soviet Union,0
1970,17 Jun 1970 - 16:00 ,Semi-finals,Guadalajara ,Brazil,3,Uruguay,1
1970,17 June 1970 - 16:00 ,Semi-finals,Mexico City ,Italy,4,Germany FR,3
1970,20 Jun 1970 - 16:00 ,Match for third place,Mexico City ,Germany FR,1,Uruguay,0
1970,21 Jun 1970 - 12:00 ,Final,Mexico City ,Brazil,4,Italy,1
1974,13 Jun 1974 - 17:00 ,Group 2,Frankfurt/Main ,Brazil,0,Yugoslavia,0
1974,14 Jun 1974 - 16:00 ,Group 1,Berlin West ,Germany FR,1,Chile,0
1974,14 Jun 1974 - 19:30 ,Group 1,Hamburg ,German DR,2,Australia,0
1974,14 Jun 1974 - 19:30 ,Group 2,Dortmund ,Zaire,0,Scotland,2
1974,15 Jun 1974 - 16:00 ,Group 3,Hanover ,Uruguay,0,Netherlands,2
1974,15 Jun 1974 - 16:00 ,Group 3,D�Sseldorf ,Sweden,0,Bulgaria,0
1974,15 Jun 1974 - 18:00 ,Group 4,Munich ,Italy,3,Haiti,1
1974,15 Jun 1974 - 18:00 ,Group 4,Stuttgart ,Poland,3,Argentina,2
1974,18 Jun 1974 - 16:00 ,Group 1,Hamburg ,Australia,0,Germany FR,3
1974,18 Jun 1974 - 19:30 ,Group 2,Frankfurt/Main ,Scotland,0,Brazil,0
1974,18 Jun 1974 - 19:30 ,Group 1,Berlin West ,Chile,1,German DR,1
1974,18 Jun 1974 - 19:30 ,Group 2,Gelsenkirchen ,Yugoslavia,9,Zaire,0
1974,19 Jun 1974 - 19:30 ,Group 3,Dortmund ,Netherlands,0,Sweden,0
1974,19 Jun 1974 - 19:30 ,Group 3,Hanover ,Bulgaria,1,Uruguay,1
1974,19 Jun 1974 - 19:30 ,Group 4,Munich ,Haiti,0,Poland,7
1974,19 Jun 1974 - 19:30 ,Group 4,Stuttgart ,Argentina,1,Italy,1
1974,22 Jun 1974 - 16:00 ,Group 2,Frankfurt/Main ,Scotland,1,Yugoslavia,1
1974,22 Jun 1974 - 16:00 ,Group 1,Berlin West ,Australia,0,Chile,0
1974,22 Jun 1974 - 16:00 ,Group 2,Gelsenkirchen ,Zaire,0,Brazil,3
1974,22 June 1974 - 19:30 ,Group 1,Hamburg ,German DR,1,Germany FR,0
1974,23 Jun 1974 - 16:00 ,Group 3,Dortmund ,Bulgaria,1,Netherlands,4
1974,23 Jun 1974 - 16:00 ,Group 4,Munich ,Argentina,4,Haiti,1
1974,23 Jun 1974 - 16:00 ,Group 3,D�Sseldorf ,Sweden,3,Uruguay,0
1974,23 Jun 1974 - 16:00 ,Group 4,Stuttgart ,Poland,2,Italy,1
1974,26 Jun 1974 - 16:00 ,Group B,D�Sseldorf ,Yugoslavia,0,Germany FR,2
1974,26 Jun 1974 - 19:30 ,Group A,Hanover ,Brazil,1,German DR,0
1974,26 Jun 1974 - 19:30 ,Group A,Gelsenkirchen ,Netherlands,4,Argentina,0
1974,26 Jun 1974 - 19:30 ,Group B,Stuttgart ,Sweden,0,Poland,1
1974,30 Jun 1974 - 16:00 ,Group A,Hanover ,Argentina,1,Brazil,2
1974,30 Jun 1974 - 16:00 ,Group B,Frankfurt/Main ,Poland,2,Yugoslavia,1
1974,30 Jun 1974 - 16:00 ,Group A,Gelsenkirchen ,German DR,0,Netherlands,2
1974,30 Jun 1974 - 19:30 ,Group B,D�Sseldorf ,Germany FR,4,Sweden,2
1974,03 Jul 1974 - 17:00 ,Group B,Frankfurt/Main ,Poland,0,Germany FR,1
1974,03 Jul 1974 - 19:30 ,Group A,Dortmund ,Netherlands,2,Brazil,0
1974,03 Jul 1974 - 19:30 ,Group A,Gelsenkirchen ,Argentina,1,German DR,1
1974,03 Jul 1974 - 19:30 ,Group B,D�Sseldorf ,Sweden,2,Yugoslavia,1
1974,06 Jul 1974 - 16:00 ,Match for third place,Munich ,Brazil,0,Poland,1
1974,07 July 1974 - 16:00 ,Final,Munich ,Netherlands,1,Germany FR,2
1978,01 Jun 1978 - 15:00 ,Group 2,Buenos Aires ,Germany FR,0,Poland,0
1978,02 Jun 1978 - 13:45 ,Group 1,Mar Del Plata ,Italy,2,France,1
1978,02 Jun 1978 - 16:45 ,Group 2,Rosario ,Tunisia,3,Mexico,1
1978,02 Jun 1978 - 19:15 ,Group 1,Buenos Aires ,Argentina,2,Hungary,1
1978,03 Jun 1978 - 13:45 ,Group 3,Mar Del Plata ,Sweden,1,Brazil,1
1978,03 Jun 1978 - 13:45 ,Group 3,Buenos Aires ,Austria,2,Spain,1
1978,03 Jun 1978 - 16:45 ,Group 4,Cordoba ,Peru,3,Scotland,1
1978,03 Jun 1978 - 16:45 ,Group 4,Mendoza ,Netherlands,3,IR Iran,0
1978,06 Jun 1978 - 13:45 ,Group 1,Mar Del Plata ,Italy,3,Hungary,1
1978,06 Jun 1978 - 16:45 ,Group 2,Rosario ,Poland,1,Tunisia,0
1978,06 Jun 1978 - 16:45 ,Group 2,Cordoba ,Germany FR,6,Mexico,0
1978,06 Jun 1978 - 19:15 ,Group 1,Buenos Aires ,Argentina,2,France,1
1978,07 Jun 1978 - 13:45 ,Group 3,Mar Del Plata ,Brazil,0,Spain,0
1978,07 Jun 1978 - 13:45 ,Group 3,Buenos Aires ,Austria,1,Sweden,0
1978,07 Jun 1978 - 16:45 ,Group 4,Cordoba ,Scotland,1,IR Iran,1
1978,07 Jun 1978 - 16:45 ,Group 4,Mendoza ,Netherlands,0,Peru,0
1978,10 Jun 1978 - 15:10 ,Group 1,Mar Del Plata ,France,3,Hungary,1
1978,10 Jun 1978 - 16:45 ,Group 2,Rosario ,Poland,3,Mexico,1
1978,10 Jun 1978 - 16:45 ,Group 2,Cordoba ,Germany FR,0,Tunisia,0
1978,10 Jun 1978 - 19:15 ,Group 1,Buenos Aires ,Italy,1,Argentina,0
1978,11 Jun 1978 - 13:45 ,Group 3,Mar Del Plata ,Brazil,1,Austria,0
1978,11 Jun 1978 - 13:45 ,Group 3,Buenos Aires ,Spain,1,Sweden,0
1978,11 Jun 1978 - 16:45 ,Group 4,Cordoba ,Peru,4,Iran,1
1978,11 Jun 1978 - 16:45 ,Group 4,Mendoza ,Scotland,3,Netherlands,2
1978,14 Jun 1978 - 13:45 ,Group A,Buenos Aires ,Germany FR,0,Italy,0
1978,14 Jun 1978 - 13:45 ,Group A,Cordoba ,Netherlands,5,Austria,1
1978,14 Jun 1978 - 16:45 ,Group B,Mendoza ,Brazil,3,Peru,0
1978,14 Jun 1978 - 19:15 ,Group B,Rosario ,Argentina,2,Poland,0
1978,18 Jun 1978 - 13:45 ,Group B,Mendoza ,Poland,1,Peru,0
1978,18 Jun 1978 - 16:45 ,Group A,Buenos Aires ,Italy,1,Austria,0
1978,18 Jun 1978 - 16:45 ,Group A,Cordoba ,Germany FR,2,Netherlands,2
1978,18 Jun 1978 - 19:15 ,Group B,Rosario ,Argentina,0,Brazil,0
1978,21 Jun 1978 - 13:45 ,Group A,Buenos Aires ,Netherlands,2,Italy,1
1978,21 Jun 1978 - 13:45 ,Group A,Cordoba ,Austria,3,Germany FR,2
1978,21 Jun 1978 - 16:45 ,Group B,Mendoza ,Brazil,3,Poland,1
1978,21 Jun 1978 - 19:15 ,Group B,Rosario ,Argentina,6,Peru,0
1978,24 Jun 1978 - 15:00 ,Match for third place,Buenos Aires ,Brazil,2,Italy,1
1978,25 Jun 1978 - 15:00 ,Final,Buenos Aires ,Argentina,3,Netherlands,1
1982,13 Jun 1982 - 20:00 ,Group 3,Barcelona ,Argentina,0,Belgium,1
1982,14 Jun 1982 - 17:15 ,Group 1,Vigo ,Italy,0,Poland,0
1982,14 Jun 1982 - 21:00 ,Group 6,Seville ,Brazil,2,Soviet Union,1
1982,15 Jun 1982 - 17:15 ,Group 1,La Coru�A ,Peru,0,Cameroon,0
1982,15 Jun 1982 - 21:00 ,Group 3,Elche ,Hungary,10,El Salvador,1
1982,15 Jun 1982 - 21:00 ,Group 6,Malaga ,Scotland,5,New Zealand,2
1982,16 Jun 1982 - 17:15 ,Group 2,Gijon ,Germany FR,1,Algeria,2
1982,16 Jun 1982 - 17:15 ,Group 4,Bilbao ,England,3,France,1
1982,16 Jun 1982 - 21:00 ,Group 5,Valencia ,Spain,1,Honduras,1
1982,17 Jun 1982 - 17:15 ,Group 2,Oviedo ,Chile,0,Austria,1
1982,17 Jun 1982 - 17:45 ,Group 4,Valladolid ,Czechoslovakia,1,Kuwait,1
1982,17 Jun 1982 - 21:00 ,Group 5,Zaragoza ,Yugoslavia,0,Northern Ireland,0
1982,18 Jun 1982 - 17:15 ,Group 1,Vigo ,Italy,1,Peru,1
1982,18 Jun 1982 - 21:00 ,Group 3,Alicante ,Argentina,4,Hungary,1
1982,18 Jun 1982 - 21:00 ,Group 6,Seville ,Brazil,4,Scotland,1
1982,19 Jun 1982 - 19:15 ,Group 1,La Coru�A ,Poland,0,Cameroon,0
1982,19 Jun 1982 - 21:00 ,Group 3,Elche ,Belgium,1,El Salvador,0
1982,19 Jun 1982 - 21:00 ,Group 6,Malaga ,Soviet Union,3,New Zealand,0
1982,20 Jun 1982 - 17:15 ,Group 2,Gijon ,Germany FR,4,Chile,1
1982,20 Jun 1982 - 17:15 ,Group 4,Bilbao ,England,2,Czechoslovakia,0
1982,20 Jun 1982 - 21:00 ,Group 5,Valencia ,Spain,2,Yugoslavia,1
1982,21 Jun 1982 - 17:15 ,Group 2,Oviedo ,Algeria,0,Austria,2
1982,21 Jun 1982 - 17:15 ,Group 4,Valladolid ,France,4,Kuwait,1
1982,21 Jun 1982 - 21:00 ,Group 5,Zaragoza ,Honduras,1,Northern Ireland,1
1982,22 Jun 1982 - 17:15 ,Group 1,La Coru�A ,Poland,5,Peru,1
1982,22 Jun 1982 - 21:00 ,Group 3,Elche ,Belgium,1,Hungary,1
1982,22 Jun 1982 - 21:00 ,Group 6,Malaga ,Soviet Union,2,Scotland,2
1982,23 Jun 1982 - 17:15 ,Group 1,Vigo ,Italy,1,Cameroon,1
1982,23 Jun 1982 - 21:00 ,Group 3,Alicante ,Argentina,2,El Salvador,0
1982,23 Jun 1982 - 21:00 ,Group 6,Seville ,Brazil,4,New Zealand,0
1982,24 Jun 1982 - 17:15 ,Group 2,Oviedo ,Algeria,3,Chile,2
1982,24 Jun 1982 - 17:15 ,Group 4,Valladolid ,France,1,Czechoslovakia,1
1982,24 Jun 1982 - 21:00 ,Group 5,Zaragoza ,Honduras,0,Yugoslavia,1
1982,25 Jun 1982 - 17:15 ,Group 2,Gijon ,Germany FR,1,Austria,0
1982,25 Jun 1982 - 17:15 ,Group 4,Bilbao ,England,1,Kuwait,0
1982,25 Jun 1982 - 21:00 ,Group 5,Valencia ,Northern Ireland,1,Spain,0
1982,28 Jun 1982 - 17:15 ,Group 4,Madrid ,Austria,0,France,1
1982,28 Jun 1982 - 21:00 ,Group 1,Barcelona ,Poland,3,Belgium,0
1982,29 Jun 1982 - 17:15 ,Group 3,Barcelona ,Italy,2,Argentina,1
1982,29 Jun 1982 - 21:00 ,Group 2,Madrid ,Germany FR,0,England,0
1982,01 Jul 1982 - 17:15 ,Group 4,Madrid ,Austria,2,Northern Ireland,2
1982,01 Jul 1982 - 21:00 ,Group 1,Barcelona ,Belgium,0,Soviet Union,1
1982,02 Jul 1982 - 17:15 ,Group 3,Barcelona ,Argentina,1,Brazil,3
1982,02 Jul 1982 - 21:00 ,Group 2,Madrid ,Germany FR,2,Spain,1
1982,04 Jul 1982 - 17:15 ,Group 4,Madrid ,France,4,Northern Ireland,1
1982,04 Jul 1982 - 21:00 ,Group 1,Barcelona ,Poland,0,Soviet Union,0
1982,05 Jul 1982 - 17:15 ,Group 3,Barcelona ,Italy,3,Brazil,2
1982,05 Jul 1982 - 21:00 ,Group 2,Madrid ,Spain,0,England,0
1982,08 Jul 1982 - 17:15 ,Semi-finals,Barcelona ,Poland,0,Italy,2
1982,08 Jul 1982 - 21:00 ,Semi-finals,Seville ,Germany FR,3,France,3
1982,10 Jul 1982 - 20:00 ,Match for third place,Alicante ,Poland,3,France,2
1982,11 Jul 1982 - 20:00 ,Final,Madrid ,Italy,3,Germany FR,1
1986,31 May 1986 - 12:00 ,Group A,Mexico City ,Bulgaria,1,Italy,1
1986,01 Jun 1986 - 16:00 ,Group C,Leon ,Canada,0,France,1
1986,01 Jun 1986 - 12:00 ,Group D,Guadalajara ,Spain,0,Brazil,1
1986,02 Jun 1986 - 12:00 ,Group C,Irapuato ,Soviet Union,6,Hungary,0
1986,02 Jun 1986 - 12:00 ,Group A,Mexico City ,Argentina,3,Korea Republic,1
1986,02 Jun 1986 - 16:00 ,Group F,Monterrey ,Morocco,0,Poland,0
1986,03 Jun 1986 - 12:00 ,Group D,Guadalajara ,Algeria,1,Northern Ireland,1
1986,03 Jun 1986 - 12:00 ,Group B,Mexico City ,Belgium,1,Mexico,2
1986,03 Jun 1986 - 16:00 ,Group F,Monterrey ,Portugal,1,England,0
1986,04 Jun 1986 - 12:00 ,Group B,Toluca ,Paraguay,1,Iraq,0
1986,04 Jun 1986 - 16:00 ,Group E,Nezahualcoyotl ,Scotland,0,Denmark,1
1986,04 Jun 1986 - 12:00 ,Group E,Queretaro ,Uruguay,1,Germany FR,1
1986,05 Jun 1986 - 12:00 ,Group A,Puebla ,Italy,1,Argentina,1
1986,05 Jun 1986 - 12:00 ,Group C,Leon ,France,1,Soviet Union,1
1986,05 Jun 1986 - 16:00 ,Group A,Mexico City ,Korea Republic,1,Bulgaria,1
1986,06 Jun 1986 - 12:00 ,Group C,Irapuato ,Hungary,2,Canada,0
1986,06 Jun 1986 - 12:00 ,Group D,Guadalajara ,Brazil,1,Algeria,0
1986,06 Jun 1986 - 16:00 ,Group F,Monterrey ,England,0,Morocco,0
1986,07 Jun 1986 - 12:00 ,Group D,Guadalajara ,Northern Ireland,1,Spain,2
1986,07 Jun 1986 - 12:00 ,Group B,Mexico City ,Mexico,1,Paraguay,1
1986,07 Jun 1986 - 16:00 ,Group F,Monterrey ,Poland,1,Portugal,0
1986,08 Jun 1986 - 12:00 ,Group B,Toluca ,Iraq,1,Belgium,2
1986,08 Jun 1986 - 16:00 ,Group E,Nezahualcoyotl ,Denmark,6,Uruguay,1
1986,08 Jun 1986 - 12:00 ,Group E,Queretaro ,Germany FR,2,Scotland,1
1986,09 Jun 1986 - 12:00 ,Group C,Leon ,Hungary,0,France,3
1986,09 Jun 1986 - 12:00 ,Group C,Irapuato ,Soviet Union,2,Canada,0
1986,10 Jun 1986 - 12:00 ,Group A,Puebla ,Korea Republic,2,Italy,3
1986,10 Jun 1986 - 12:00 ,Group A,Mexico City ,Argentina,2,Bulgaria,0
1986,11 Jun 1986 - 12:00 ,Group B,Toluca ,Paraguay,2,Belgium,2
1986,11 Jun 1986 - 12:00 ,Group B,Mexico City ,Iraq,0,Mexico,1
1986,11 Jun 1986 - 16:00 ,Group F,Guadalajara ,Portugal,1,Morocco,3
1986,11 Jun 1986 - 16:00 ,Group F,Monterrey ,England,3,Poland,0
1986,12 Jun 1986 - 12:00 ,Group D,Guadalajara ,Northern Ireland,0,Brazil,3
1986,12 Jun 1986 - 12:00 ,Group D,Monterrey ,Algeria,0,Spain,3
1986,13 Jun 1986 - 12:00 ,Group E,Nezahualcoyotl ,Scotland,0,Uruguay,0
1986,13 Jun 1986 - 12:00 ,Group E,Queretaro ,Denmark,2,Germany FR,0
1986,15 Jun 1986 - 16:00 ,Round of 16,Leon ,Soviet Union,3,Belgium,4
1986,15 Jun 1986 - 12:00 ,Round of 16,Mexico City ,Mexico,2,Bulgaria,0
1986,16 Jun 1986 - 16:00 ,Round of 16,Puebla ,Argentina,1,Uruguay,0
1986,16 Jun 1986 - 12:00 ,Round of 16,Guadalajara ,Brazil,4,Poland,0
1986,17 Jun 1986 - 12:00 ,Round of 16,Mexico City ,Italy,0,France,2
1986,17 Jun 1986 - 16:00 ,Round of 16,Monterrey ,Morocco,0,Germany FR,1
1986,18 Jun 1986 - 12:00 ,Round of 16,Mexico City ,England,3,Paraguay,0
1986,18 Jun 1986 - 16:00 ,Round of 16,Queretaro ,Denmark,1,Spain,5
1986,21 Jun 1986 - 12:00 ,Quarter-finals,Guadalajara ,Brazil,1,France,1
1986,21 Jun 1986 - 16:00 ,Quarter-finals,Monterrey ,Germany FR,0,Mexico,0
1986,22 Jun 1986 - 16:00 ,Quarter-finals,Puebla ,Spain,1,Belgium,1
1986,22 Jun 1986 - 12:00 ,Quarter-finals,Mexico City ,Argentina,2,England,1
1986,25 Jun 1986 - 12:00 ,Semi-finals,Guadalajara ,France,0,Germany FR,2
1986,25 Jun 1986 - 16:00 ,Semi-finals,Mexico City ,Argentina,2,Belgium,0
1986,28 Jun 1986 - 12:00 ,Match for third place,Puebla ,France,4,Belgium,2
1986,29 Jun 1986 - 12:00 ,Final,Mexico City ,Argentina,3,Germany FR,2
1990,08 Jun 1990 - 18:00 ,Group B,Milan ,Argentina,0,Cameroon,1
1990,09 Jun 1990 - 17:00 ,Group B,Bari ,Soviet Union,0,Romania,2
1990,09 Jun 1990 - 17:00 ,Group D,Bologna ,"rn"">United Arab Emirates",0,Colombia,2
1990,09 Jun 1990 - 21:00 ,Group A,Rome ,Italy,1,Austria,0
1990,10 Jun 1990 - 17:00 ,Group A,Florence ,USA,1,Czechoslovakia,5
1990,10 Jun 1990 - 21:00 ,Group C,Turin ,Brazil,2,Sweden,1
1990,10 Jun 1990 - 21:00 ,Group D,Milan ,Germany FR,4,Yugoslavia,1
1990,11 Jun 1990 - 17:00 ,Group C,Genoa ,Costa Rica,1,Scotland,0
1990,11 Jun 1990 - 21:00 ,Group F,Cagliari ,England,1,"rn"">Republic of Ireland",1
1990,12 Jun 1990 - 17:00 ,Group E,Verona ,Belgium,2,Korea Republic,0
1990,12 Jun 1990 - 21:00 ,Group F,Palermo ,Netherlands,1,Egypt,1
1990,13 Jun 1990 - 17:00 ,Group E,Udine ,Uruguay,0,Spain,0
1990,13 Jun 1990 - 21:00 ,Group B,Naples ,Argentina,2,Soviet Union,0
1990,14 Jun 1990 - 17:00 ,Group B,Bari ,Cameroon,2,Romania,1
1990,14 Jun 1990 - 17:00 ,Group D,Bologna ,Yugoslavia,1,Colombia,0
1990,14 Jun 1990 - 21:00 ,Group A,Rome ,Italy,1,USA,0
1990,15 Jun 1990 - 17:00 ,Group A,Florence ,Austria,0,Czechoslovakia,1
1990,15 Jun 1990 - 21:00 ,Group D,Milan ,Germany FR,5,"rn"">United Arab Emirates",1
1990,16 Jun 1990 - 17:00 ,Group C,Turin ,Brazil,1,Costa Rica,0
1990,16 Jun 1990 - 21:00 ,Group C,Genoa ,Sweden,1,Scotland,2
1990,16 Jun 1990 - 21:00 ,Group F,Cagliari ,England,0,Netherlands,0
1990,17 Jun 1990 - 17:00 ,Group F,Palermo ,"rn"">Republic of Ireland",0,Egypt,0
1990,17 Jun 1990 - 21:00 ,Group E,Udine ,Korea Republic,1,Spain,3
1990,17 Jun 1990 - 21:00 ,Group E,Verona ,Belgium,3,Uruguay,1
1990,18 Jun 1990 - 21:00 ,Group B,Naples ,Argentina,1,Romania,1
1990,18 Jun 1990 - 21:00 ,Group B,Bari ,Cameroon,0,Soviet Union,4
1990,19 Jun 1990 - 17:00 ,Group D,Milan ,Germany FR,1,Colombia,1
1990,19 Jun 1990 - 17:00 ,Group D,Bologna ,Yugoslavia,4,"rn"">United Arab Emirates",1
1990,19 Jun 1990 - 21:00 ,Group A,Rome ,Italy,2,Czechoslovakia,0
1990,19 Jun 1990 - 21:00 ,Group A,Florence ,Austria,2,USA,1
1990,20 Jun 1990 - 21:00 ,Group C,Turin ,Brazil,1,Scotland,0
1990,20 Jun 1990 - 21:00 ,Group C,Genoa ,Sweden,1,Costa Rica,2
1990,21 Jun 1990 - 17:00 ,Group E,Udine ,Korea Republic,0,Uruguay,1
1990,21 Jun 1990 - 17:00 ,Group E,Verona ,Belgium,1,Spain,2
1990,21 Jun 1990 - 21:00 ,Group F,Palermo ,"rn"">Republic of Ireland",1,Netherlands,1
1990,21 Jun 1990 - 21:00 ,Group F,Cagliari ,England,1,Egypt,0
1990,23 Jun 1990 - 17:00 ,Round of 16,Naples ,Cameroon,2,Colombia,1
1990,23 Jun 1990 - 21:00 ,Round of 16,Bari ,Czechoslovakia,4,Costa Rica,1
1990,24 Jun 1990 - 17:00 ,Round of 16,Turin ,Brazil,0,Argentina,1
1990,24 Jun 1990 - 21:00 ,Round of 16,Milan ,Germany FR,2,Netherlands,1
1990,25 Jun 1990 - 17:00 ,Round of 16,Genoa ,"rn"">Republic of Ireland",0,Romania,0
1990,25 Jun 1990 - 21:00 ,Round of 16,Rome ,Italy,2,Uruguay,0
1990,26 Jun 1990 - 17:00 ,Round of 16,Verona ,Spain,1,Yugoslavia,2
1990,26 Jun 1990 - 21:00 ,Round of 16,Bologna ,England,1,Belgium,0
1990,30 Jun 1990 - 17:00 ,Quarter-finals,Florence ,Yugoslavia,0,Argentina,0
1990,30 Jun 1990 - 21:00 ,Quarter-finals,Rome ,Italy,1,"rn"">Republic of Ireland",0
1990,01 Jul 1990 - 17:00 ,Quarter-finals,Milan ,Germany FR,1,Czechoslovakia,0
1990,01 Jul 1990 - 21:00 ,Quarter-finals,Naples ,England,3,Cameroon,2
1990,03 Jul 1990 - 20:00 ,Semi-finals,Naples ,Italy,1,Argentina,1
1990,04 Jul 1990 - 20:00 ,Semi-finals,Turin ,Germany FR,1,England,1
1990,07 Jul 1990 - 20:00 ,Match for third place,Bari ,Italy,2,England,1
1990,08 Jul 1990 - 20:00 ,Final,Rome ,Germany FR,1,Argentina,0
1994,17 Jun 1994 - 19:30 ,Group C,Dallas ,Spain,2,Korea Republic,2
1994,17 Jun 1994 - 15:00 ,Group C,Chicago ,Germany,1,Bolivia,0
1994,18 Jun 1994 - 11:30 ,Group A,Detroit ,USA,1,Switzerland,1
1994,18 Jun 1994 - 16:00 ,Group E,New York/New Jersey ,Italy,0,"rn"">Republic of Ireland",1
1994,18 Jun 1994 - 19:30 ,Group A,Los Angeles ,Colombia,1,Romania,3
1994,19 Jun 1994 - 12:30 ,Group F,Orlando ,Belgium,1,Morocco,0
1994,19 Jun 1994 - 16:00 ,Group E,Washington Dc ,Norway,1,Mexico,0
1994,19 Jun 1994 - 19:30 ,Group B,Los Angeles ,Cameroon,2,Sweden,2
1994,20 Jun 1994 - 19:30 ,Group F,Washington Dc ,Netherlands,2,Saudi Arabia,1
1994,20 Jun 1994 - 16:00 ,Group B,San Francisco ,Brazil,2,Russia,0
1994,21 Jun 1994 - 12:30 ,Group D,Boston ,Argentina,4,Greece,0
1994,21 Jun 1994 - 19:30 ,Group D,Dallas ,Nigeria,3,Bulgaria,0
1994,21 Jun 1994 - 16:00 ,Group C,Chicago ,Germany,1,Spain,1
1994,22 Jun 1994 - 16:00 ,Group A,Detroit ,Romania,1,Switzerland,4
1994,22 Jun 1994 - 19:30 ,Group A,Los Angeles ,USA,2,Colombia,1
1994,23 Jun 1994 - 16:00 ,Group E,New York/New Jersey ,Italy,1,Norway,0
1994,23 Jun 1994 - 19:30 ,Group C,Boston ,Korea Republic,0,Bolivia,0
1994,24 Jun 1994 - 12:30 ,Group E,Orlando ,Mexico,2,"rn"">Republic of Ireland",1
1994,24 Jun 1994 - 19:30 ,Group B,Detroit ,Sweden,3,Russia,1
1994,24 Jun 1994 - 16:00 ,Group B,San Francisco ,Brazil,3,Cameroon,0
1994,25 Jun 1994 - 12:30 ,Group F,Orlando ,Belgium,1,Netherlands,0
1994,25 Jun 1994 - 12:30 ,Group F,New York/New Jersey ,Saudi Arabia,2,Morocco,1
1994,25 Jun 1994 - 16:00 ,Group D,Boston ,Argentina,2,Nigeria,1
1994,26 Jun 1994 - 12:30 ,Group D,Chicago ,Bulgaria,4,Greece,0
1994,26 Jun 1994 - 16:00 ,Group A,Los Angeles ,USA,0,Romania,1
1994,26 Jun 1994 - 16:00 ,Group A,San Francisco ,Switzerland,0,Colombia,2
1994,27 Jun 1994 - 16:00 ,Group C,Dallas ,Germany,3,Korea Republic,2
1994,27 Jun 1994 - 16:00 ,Group C,Chicago ,Bolivia,1,Spain,3
1994,28 Jun 1994 - 12:30 ,Group E,New York/New Jersey ,"rn"">Republic of Ireland",0,Norway,0
1994,28 Jun 1994 - 16:00 ,Group B,Detroit ,Brazil,1,Sweden,1
1994,28 Jun 1994 - 12:30 ,Group E,Washington Dc ,Italy,1,Mexico,1
1994,28 Jun 1994 - 16:00 ,Group B,San Francisco ,Russia,6,Cameroon,1
1994,29 Jun 1994 - 12:30 ,Group F,Orlando ,Morocco,1,Netherlands,2
1994,29 Jun 1994 - 12:30 ,Group F,Washington Dc ,Belgium,0,Saudi Arabia,1
1994,30 Jun 1994 - 19:30 ,Group D,Boston ,Greece,0,Nigeria,2
1994,30 Jun 1994 - 19:30 ,Group D,Dallas ,Argentina,0,Bulgaria,2
1994,02 Jul 1994 - 12:00 ,Round of 16,Chicago ,Germany,3,Belgium,2
1994,02 Jul 1994 - 16:30 ,Round of 16,Washington Dc ,Spain,3,Switzerland,0
1994,03 Jul 1994 - 12:00 ,Round of 16,Dallas ,Saudi Arabia,1,Sweden,3
1994,03 Jul 1994 - 13:30 ,Round of 16,Los Angeles ,Romania,3,Argentina,2
1994,04 Jul 1994 - 12:00 ,Round of 16,Orlando ,Netherlands,2,"rn"">Republic of Ireland",0
1994,04 Jul 1994 - 12:30 ,Round of 16,San Francisco ,Brazil,1,USA,0
1994,05 Jul 1994 - 13:00 ,Round of 16,Boston ,Nigeria,1,Italy,2
1994,05 Jul 1994 - 16:30 ,Round of 16,New York/New Jersey ,Mexico,1,Bulgaria,1
1994,09 Jul 1994 - 12:00 ,Quarter-finals,Boston ,Italy,2,Spain,1
1994,09 Jul 1994 - 14:30 ,Quarter-finals,Dallas ,Netherlands,2,Brazil,3
1994,10 Jul 1994 - 12:00 ,Quarter-finals,New York/New Jersey ,Bulgaria,2,Germany,1
1994,10 Jul 1994 - 12:30 ,Quarter-finals,San Francisco ,Romania,2,Sweden,2
1994,13 Jul 1994 - 16:00 ,Semi-finals,New York/New Jersey ,Bulgaria,1,Italy,2
1994,13 Jul 1994 - 16:30 ,Semi-finals,Los Angeles ,Sweden,0,Brazil,1
1994,16 Jul 1994 - 12:30 ,Match for third place,Los Angeles ,Sweden,4,Bulgaria,0
1994,17 Jul 1994 - 12:30 ,Final,Los Angeles ,Brazil,0,Italy,0
1998,10 Jun 1998 - 17:30 ,Group A,Saint-Denis ,Brazil,2,Scotland,1
1998,10 Jun 1998 - 21:00 ,Group A,Montpellier ,Morocco,2,Norway,2
1998,11 Jun 1998 - 17:30 ,Group B,Bordeaux ,Italy,2,Chile,2
1998,11 Jun 1998 - 21:00 ,Group B,Toulouse ,Cameroon,1,Austria,1
1998,12 Jun 1998 - 14:30 ,Group D,Montpellier ,Paraguay,0,Bulgaria,0
1998,12 Jun 1998 - 17:30 ,Group C,Lens ,Saudi Arabia,0,Denmark,1
1998,12 Jun 1998 - 21:00 ,Group C,Marseilles ,France,3,South Africa,0
1998,13 Jun 1998 - 14:30 ,Group D,Nantes ,Spain,2,Nigeria,3
1998,13 Jun 1998 - 17:30 ,Group E,Lyon ,Korea Republic,1,Mexico,3
1998,13 Jun 1998 - 21:00 ,Group E,Saint-Denis ,Netherlands,0,Belgium,0
1998,14 Jun 1998 - 14:30 ,Group H,Toulouse ,Argentina,1,Japan,0
1998,14 Jun 1998 - 17:30 ,Group F,Saint-Etienne ,Yugoslavia,1,Iran,0
1998,14 Jun 1998 - 21:00 ,Group H,Lens ,Jamaica,1,Croatia,3
1998,15 Jun 1998 - 14:30 ,Group G,Marseilles ,England,2,Tunisia,0
1998,15 Jun 1998 - 17:30 ,Group G,Lyon ,Romania,1,Colombia,0
1998,15 Jun 1998 - 21:00 ,Group F,Paris ,Germany,2,USA,0
1998,16 Jun 1998 - 17:30 ,Group A,Bordeaux ,Scotland,1,Norway,1
1998,16 Jun 1998 - 21:00 ,Group A,Nantes ,Brazil,3,Morocco,0
1998,17 Jun 1998 - 17:30 ,Group B,Saint-Etienne ,Chile,1,Austria,1
1998,17 Jun 1998 - 21:00 ,Group B,Montpellier ,Italy,3,Cameroon,0
1998,18 Jun 1998 - 17:30 ,Group C,Toulouse ,South Africa,1,Denmark,1
1998,18 Jun 1998 - 21:00 ,Group C,Saint-Denis ,France,4,Saudi Arabia,0
1998,19 Jun 1998 - 17:30 ,Group D,Paris ,Nigeria,1,Bulgaria,0
1998,19 Jun 1998 - 21:00 ,Group D,Saint-Etienne ,Spain,0,Paraguay,0
1998,20 Jun 1998 - 14:30 ,Group H,Nantes ,Japan,0,Croatia,1
1998,20 Jun 1998 - 17:30 ,Group E,Bordeaux ,Belgium,2,Mexico,2
1998,20 Jun 1998 - 21:00 ,Group E,Marseilles ,Netherlands,5,Korea Republic,0
1998,21 Jun 1998 - 14:30 ,Group F,Lens ,Germany,2,Yugoslavia,2
1998,21 Jun 1998 - 17:30 ,Group H,Paris ,Argentina,5,Jamaica,0
1998,21 Jun 1998 - 21:00 ,Group F,Lyon ,USA,1,Iran,2
1998,22 Jun 1998 - 17:30 ,Group G,Montpellier ,Colombia,1,Tunisia,0
1998,22 Jun 1998 - 21:00 ,Group G,Toulouse ,Romania,2,England,1
1998,23 Jun 1998 - 16:00 ,Group B,Saint-Denis ,Italy,2,Austria,1
1998,23 Jun 1998 - 16:00 ,Group B,Nantes ,Chile,1,Cameroon,1
1998,23 Jun 1998 - 21:00 ,Group A,Saint-Etienne ,Scotland,0,Morocco,3
1998,23 Jun 1998 - 21:00 ,Group A,Marseilles ,Brazil,1,Norway,2
1998,24 Jun 1998 - 16:00 ,Group C,Lyon ,France,2,Denmark,1
1998,24 Jun 1998 - 16:00 ,Group C,Bordeaux ,South Africa,2,Saudi Arabia,2
1998,24 Jun 1998 - 21:00 ,Group D,Lens ,Spain,6,Bulgaria,1
1998,24 Jun 1998 - 21:00 ,Group D,Toulouse ,Nigeria,1,Paraguay,3
1998,25 Jun 1998 - 16:00 ,Group E,Paris ,Belgium,1,Korea Republic,1
1998,25 Jun 1998 - 16:00 ,Group E,Saint-Etienne ,Netherlands,2,Mexico,2
1998,25 Jun 1998 - 21:00 ,Group F,Montpellier ,Germany,2,Iran,0
1998,25 Jun 1998 - 21:00 ,Group F,Nantes ,USA,0,Yugoslavia,1
1998,26 Jun 1998 - 16:00 ,Group H,Lyon ,Japan,1,Jamaica,2
1998,26 Jun 1998 - 16:00 ,Group H,Bordeaux ,Argentina,1,Croatia,0
1998,26 Jun 1998 - 21:00 ,Group G,Saint-Denis ,Romania,1,Tunisia,1
1998,26 Jun 1998 - 21:00 ,Group G,Lens ,Colombia,0,England,2
1998,27 Jun 1998 - 16:30 ,Round of 16,Marseilles ,Italy,1,Norway,0
1998,27 Jun 1998 - 21:00 ,Round of 16,Paris ,Brazil,4,Chile,1
1998,28 Jun 1998 - 16:30 ,Round of 16,Lens ,France,1,Paraguay,0
1998,28 Jun 1998 - 21:00 ,Round of 16,Saint-Denis ,Nigeria,1,Denmark,4
1998,29 Jun 1998 - 16:30 ,Round of 16,Montpellier ,Germany,2,Mexico,1
1998,29 Jun 1998 - 21:00 ,Round of 16,Toulouse ,Netherlands,2,Yugoslavia,1
1998,30 Jun 1998 - 16:30 ,Round of 16,Bordeaux ,Romania,0,Croatia,1
1998,30 Jun 1998 - 21:00 ,Round of 16,Saint-Etienne ,Argentina,2,England,2
1998,03 Jul 1998 - 16:30 ,Quarter-finals,Saint-Denis ,Italy,0,France,0
1998,03 Jul 1998 - 21:00 ,Quarter-finals,Nantes ,Brazil,3,Denmark,2
1998,04 Jul 1998 - 16:30 ,Quarter-finals,Marseilles ,Netherlands,2,Argentina,1
1998,04 Jul 1998 - 21:00 ,Quarter-finals,Lyon ,Germany,0,Croatia,3
1998,07 Jul 1998 - 21:00 ,Semi-finals,Marseilles ,Brazil,1,Netherlands,1
1998,08 Jul 1998 - 21:00 ,Semi-finals,Saint-Denis ,France,2,Croatia,1
1998,11 Jul 1998 - 21:00 ,Match for third place,Paris ,Netherlands,1,Croatia,2
1998,12 Jul 1998 - 21:00 ,Final,Saint-Denis ,Brazil,0,France,3
2002,31 May 2002 - 20:30 ,Group A,Seoul ,France,0,Senegal,1
2002,01 Jun 2002 - 18:00 ,Group A,Ulsan ,Uruguay,1,Denmark,2
2002,01 Jun 2002 - 15:30 ,Group E,Niigata ,"rn"">Republic of Ireland",1,Cameroon,1
2002,01 Jun 2002 - 20:30 ,Group E,Sapporo ,Germany,8,Saudi Arabia,0
2002,02 Jun 2002 - 14:30 ,Group F,Ibaraki ,Argentina,1,Nigeria,0
2002,02 Jun 2002 - 16:30 ,Group B,Busan ,Paraguay,2,South Africa,2
2002,02 Jun 2002 - 18:30 ,Group F,Saitama ,England,1,Sweden,1
2002,02 Jun 2002 - 20:30 ,Group B,Gwangju ,Spain,3,Slovenia,1
2002,03 June 2002 - 18:00 ,Group C,Ulsan ,Brazil,2,Turkey,1
2002,03 Jun 2002 - 20:30 ,Group G,Sapporo ,Italy,2,Ecuador,0
2002,03 Jun 2002 - 15:30 ,Group G,Niigata ,Croatia,0,Mexico,1
2002,04 June 2002 - 15:30 ,Group C,Gwangju ,China PR,0,Costa Rica,2
2002,04 June 2002 - 18:00 ,Group H,Saitama ,Japan,2,Belgium,2
2002,04 Jun 2002 - 20:30 ,Group D,Busan ,Korea Republic,2,Poland,0
2002,05 Jun 2002 - 15:30 ,Group H,Kobe ,Russia,2,Tunisia,0
2002,05 Jun 2002 - 18:00 ,Group D,Suwon ,USA,3,Portugal,2
2002,05 Jun 2002 - 20:30 ,Group E,Ibaraki ,Germany,1,"rn"">Republic of Ireland",1
2002,06 Jun 2002 - 15:30 ,Group A,Daegu ,Denmark,1,Senegal,1
2002,06 Jun 2002 - 18:00 ,Group E,Saitama ,Cameroon,1,Saudi Arabia,0
2002,06 Jun 2002 - 20:30 ,Group A,Busan ,France,0,Uruguay,0
2002,07 Jun 2002 - 15:30 ,Group F,Kobe ,Sweden,2,Nigeria,1
2002,07 Jun 2002 - 20:30 ,Group F,Sapporo ,Argentina,0,England,1
2002,07 June 2002 - 18:00 ,Group B,Jeonju ,Spain,3,Paraguay,1
2002,08 Jun 2002 - 15:30 ,Group B,Daegu ,South Africa,1,Slovenia,0
2002,08 Jun 2002 - 20:30 ,Group C,Jeju ,Brazil,4,China PR,0
2002,08 June 2002 - 18:00 ,Group G,Ibaraki ,Italy,1,Croatia,2
2002,09 Jun 2002 - 18:00 ,Group C,Incheon ,Costa Rica,1,Turkey,1
2002,09 Jun 2002 - 20:30 ,Group H,Yokohama ,Japan,1,Russia,0
2002,09 Jun 2002 - 15:30 ,Group G,Rifu ,Mexico,2,Ecuador,1
2002,10 Jun 2002 - 15:30 ,Group D,Daegu ,Korea Republic,1,USA,1
2002,10 Jun 2002 - 20:30 ,Group D,Jeonju ,Portugal,4,Poland,0
2002,10 Jun 2002 - 18:00 ,Group H,Oita ,Tunisia,1,Belgium,1
2002,11 Jun 2002 - 15:30 ,Group A,Incheon ,Denmark,2,France,0
2002,11 June 2002 - 15:30 ,Group A,Suwon ,Senegal,3,Uruguay,3
2002,11 Jun 2002 - 20:30 ,Group E,Yokohama ,Saudi Arabia,0,"rn"">Republic of Ireland",3
2002,11 Jun 2002 - 20:30 ,Group E,Shizuoka ,Cameroon,0,Germany,2
2002,12 Jun 2002 - 15:30 ,Group F,Rifu ,Sweden,1,Argentina,1
2002,12 Jun 2002 - 15:30 ,Group F,Osaka ,Nigeria,0,England,0
2002,12 Jun 2002 - 20:30 ,Group B,Jeju ,Slovenia,1,Paraguay,3
2002,12 Jun 2002 - 20:30 ,Group B,Daejeon ,South Africa,2,Spain,3
2002,13 Jun 2002 - 15:30 ,Group C,Suwon ,Costa Rica,2,Brazil,5
2002,13 Jun 2002 - 15:30 ,Group C,Seoul ,Turkey,3,China PR,0
2002,13 Jun 2002 - 20:30 ,Group G,Yokohama ,Ecuador,1,Croatia,0
2002,13 Jun 2002 - 20:30 ,Group G,Oita ,Mexico,1,Italy,1
2002,14 Jun 2002 - 15:30 ,Group H,Osaka ,Tunisia,0,Japan,2
2002,14 Jun 2002 - 20:30 ,Group D,Incheon ,Portugal,0,Korea Republic,1
2002,14 Jun 2002 - 20:30 ,Group D,Daejeon ,Poland,3,USA,1
2002,14 Jun 2002 - 15:30 ,Group H,Shizuoka ,Belgium,3,Russia,2
2002,15 Jun 2002 - 20:30 ,Round of 16,Niigata ,Denmark,0,England,3
2002,15 Jun 2002 - 15:30 ,Round of 16,Jeju ,Germany,1,Paraguay,0
2002,16 Jun 2002 - 20:30 ,Round of 16,Suwon ,Spain,1,"rn"">Republic of Ireland",1
2002,16 Jun 2002 - 15:30 ,Round of 16,Oita ,Sweden,1,Senegal,2
2002,17 Jun 2002 - 20:30 ,Round of 16,Kobe ,Brazil,2,Belgium,0
2002,17 June 2002 - 15:30 ,Round of 16,Jeonju ,Mexico,0,USA,2
2002,18 Jun 2002 - 15:30 ,Round of 16,Rifu ,Japan,0,Turkey,1
2002,18 Jun 2002 - 20:30 ,Round of 16,Daejeon ,Korea Republic,2,Italy,1
2002,21 Jun 2002 - 15:30 ,Quarter-finals,Shizuoka ,England,1,Brazil,2
2002,21 Jun 2002 - 20:30 ,Quarter-finals,Ulsan ,Germany,1,USA,0
2002,22 Jun 2002 - 20:30 ,Quarter-finals,Osaka ,Senegal,0,Turkey,1
2002,22 Jun 2002 - 15:30 ,Quarter-finals,Gwangju ,Spain,0,Korea Republic,0
2002,25 Jun 2002 - 20:30 ,Semi-finals,Seoul ,Germany,1,Korea Republic,0
2002,26 Jun 2002 - 20:30 ,Semi-finals,Saitama ,Brazil,1,Turkey,0
2002,29 Jun 2002 - 20:00 ,Third place,Daegu ,Korea Republic,2,Turkey,3
2002,30 Jun 2002 - 20:00 ,Final,Yokohama ,Germany,0,Brazil,2
2006,09 Jun 2006 - 18:00 ,Group A,Munich ,Germany,4,Costa Rica,2
2006,09 Jun 2006 - 21:00 ,Group A,Gelsenkirchen ,Poland,0,Ecuador,2
2006,10 Jun 2006 - 15:00 ,Group B,Frankfurt/Main ,England,1,Paraguay,0
2006,10 Jun 2006 - 18:00 ,Group B,Dortmund ,"rn"">Trinidad and Tobago",0,Sweden,0
2006,10 Jun 2006 - 21:00 ,Group C,Hamburg ,Argentina,2,C�te d'Ivoire,1
2006,11 Jun 2006 - 15:00 ,Group C,Leipzig ,"rn"">Serbia and Montenegro",0,Netherlands,1
2006,11 Jun 2006 - 18:00 ,Group D,Nuremberg ,Mexico,3,Iran,1
2006,11 Jun 2006 - 21:00 ,Group D,Cologne ,Angola,0,Portugal,1
2006,12 Jun 2006 - 15:00 ,Group F,Kaiserslautern ,Australia,3,Japan,1
2006,12 Jun 2006 - 18:00 ,Group E,Gelsenkirchen ,USA,0,Czech Republic,3
2006,12 Jun 2006 - 21:00 ,Group E,Hanover ,Italy,2,Ghana,0
2006,13 Jun 2006 - 15:00 ,Group G,Frankfurt/Main ,Korea Republic,2,Togo,1
2006,13 Jun 2006 - 18:00 ,Group G,Stuttgart ,France,0,Switzerland,0
2006,13 Jun 2006 - 21:00 ,Group F,Berlin ,Brazil,1,Croatia,0
2006,14 Jun 2006 - 15:00 ,Group H,Leipzig ,Spain,4,Ukraine,0
2006,14 Jun 2006 - 18:00 ,Group H,Munich ,Tunisia,2,Saudi Arabia,2
2006,14 Jun 2006 - 21:00 ,Group A,Dortmund ,Germany,1,Poland,0
2006,15 Jun 2006 - 15:00 ,Group A,Hamburg ,Ecuador,3,Costa Rica,0
2006,15 Jun 2006 - 18:00 ,Group B,Nuremberg ,England,2,"rn"">Trinidad and Tobago",0
2006,15 Jun 2006 - 21:00 ,Group B,Berlin ,Sweden,1,Paraguay,0
2006,16 Jun 2006 - 15:00 ,Group C,Gelsenkirchen ,Argentina,6,"rn"">Serbia and Montenegro",0
2006,16 Jun 2006 - 18:00 ,Group C,Stuttgart ,Netherlands,2,C�te d'Ivoire,1
2006,16 Jun 2006 - 21:00 ,Group D,Hanover ,Mexico,0,Angola,0
2006,17 Jun 2006 - 15:00 ,Group D,Frankfurt/Main ,Portugal,2,IR Iran,0
2006,17 Jun 2006 - 18:00 ,Group E,Cologne ,Czech Republic,0,Ghana,2
2006,17 Jun 2006 - 21:00 ,Group E,Kaiserslautern ,Italy,1,USA,1
2006,18 Jun 2006 - 15:00 ,Group F,Nuremberg ,Japan,0,Croatia,0
2006,18 Jun 2006 - 18:00 ,Group F,Munich ,Brazil,2,Australia,0
2006,18 Jun 2006 - 21:00 ,Group G,Leipzig ,France,1,Korea Republic,1
2006,19 Jun 2006 - 15:00 ,Group G,Dortmund ,Togo,0,Switzerland,2
2006,19 Jun 2006 - 18:00 ,Group H,Hamburg ,Saudi Arabia,0,Ukraine,4
2006,19 Jun 2006 - 21:00 ,Group H,Stuttgart ,Spain,3,Tunisia,1
2006,20 Jun 2006 - 16:00 ,Group A,Berlin ,Ecuador,0,Germany,3
2006,20 Jun 2006 - 16:00 ,Group A,Hanover ,Costa Rica,1,Poland,2
2006,20 Jun 2006 - 21:00 ,Group B,Cologne ,Sweden,2,England,2
2006,20 Jun 2006 - 21:00 ,Group B,Kaiserslautern ,Paraguay,2,"rn"">Trinidad and Tobago",0
2006,21 Jun 2006 - 16:00 ,Group D,Leipzig ,Iran,1,Angola,1
2006,21 Jun 2006 - 16:00 ,Group D,Gelsenkirchen ,Portugal,2,Mexico,1
2006,21 Jun 2006 - 21:00 ,Group C,Frankfurt/Main ,Netherlands,0,Argentina,0
2006,21 Jun 2006 - 21:00 ,Group C,Munich ,C�te d'Ivoire,3,"rn"">Serbia and Montenegro",2
2006,22 Jun 2006 - 16:00 ,Group E,Hamburg ,Czech Republic,0,Italy,2
2006,22 Jun 2006 - 16:00 ,Group E,Nuremberg ,Ghana,2,USA,1
2006,22 Jun 2006 - 21:00 ,Group F,Dortmund ,Japan,1,Brazil,4
2006,22 Jun 2006 - 21:00 ,Group F,Stuttgart ,Croatia,2,Australia,2
2006,23 Jun 2006 - 16:00 ,Group H,Berlin ,Ukraine,1,Tunisia,0
2006,23 Jun 2006 - 16:00 ,Group H,Kaiserslautern ,Saudi Arabia,0,Spain,1
2006,23 Jun 2006 - 21:00 ,Group G,Cologne ,Togo,0,France,2
2006,23 Jun 2006 - 21:00 ,Group G,Hanover ,Switzerland,2,Korea Republic,0
2006,24 Jun 2006 - 17:00 ,Round of 16,Munich ,Germany,2,Sweden,0
2006,24 Jun 2006 - 21:00 ,Round of 16,Leipzig ,Argentina,2,Mexico,1
2006,25 Jun 2006 - 17:00 ,Round of 16,Stuttgart ,England,1,Ecuador,0
2006,25 Jun 2006 - 21:00 ,Round of 16,Nuremberg ,Portugal,1,Netherlands,0
2006,26 Jun 2006 - 17:00 ,Round of 16,Kaiserslautern ,Italy,1,Australia,0
2006,26 Jun 2006 - 21:00 ,Round of 16,Cologne ,Switzerland,0,Ukraine,0
2006,27 Jun 2006 - 17:00 ,Round of 16,Dortmund ,Brazil,3,Ghana,0
2006,27 Jun 2006 - 21:00 ,Round of 16,Hanover ,Spain,1,France,3
2006,30 Jun 2006 - 17:00 ,Quarter-finals,Berlin ,Germany,1,Argentina,1
2006,30 Jun 2006 - 21:00 ,Quarter-finals,Hamburg ,Italy,3,Ukraine,0
2006,01 Jul 2006 - 17:00 ,Quarter-finals,Gelsenkirchen ,England,0,Portugal,0
2006,01 Jul 2006 - 21:00 ,Quarter-finals,Frankfurt/Main ,Brazil,0,France,1
2006,04 Jul 2006 - 21:00 ,Semi-finals,Dortmund ,Germany,0,Italy,2
2006,05 Jul 2006 - 21:00 ,Semi-finals,Munich ,Portugal,0,France,1
2006,08 Jul 2006 - 21:00 ,Third place,Stuttgart ,Germany,3,Portugal,1
2006,09 Jul 2006 - 20:00 ,Final,Berlin ,Italy,1,France,1
2010,11 Jun 2010 - 16:00 ,Group A,Johannesburg ,South Africa,1,Mexico,1
2010,11 Jun 2010 - 20:30 ,Group A,Cape Town ,Uruguay,0,France,0
2010,12 Jun 2010 - 13:30 ,Group B,Nelson Mandela Bay/Port Elizabeth ,Korea Republic,2,Greece,0
2010,12 Jun 2010 - 16:00 ,Group B,Johannesburg ,Argentina,1,Nigeria,0
2010,12 Jun 2010 - 20:30 ,Group C,Phokeng ,England,1,USA,1
2010,13 Jun 2010 - 13:30 ,Group C,Polokwane ,Algeria,0,Slovenia,1
2010,13 Jun 2010 - 16:00 ,Group D,Tshwane/Pretoria ,Serbia,0,Ghana,1
2010,13 Jun 2010 - 20:30 ,Group D,Durban ,Germany,4,Australia,0
2010,14 Jun 2010 - 13:30 ,Group E,Johannesburg ,Netherlands,2,Denmark,0
2010,14 Jun 2010 - 16:00 ,Group E,Mangaung/Bloemfontein ,Japan,1,Cameroon,0
2010,14 Jun 2010 - 20:30 ,Group F,Cape Town ,Italy,1,Paraguay,1
2010,15 Jun 2010 - 13:30 ,Group F,Phokeng ,New Zealand,1,Slovakia,1
2010,15 Jun 2010 - 16:00 ,Group G,Nelson Mandela Bay/Port Elizabeth ,C�te d'Ivoire,0,Portugal,0
2010,15 Jun 2010 - 20:30 ,Group G,Johannesburg ,Brazil,2,Korea DPR,1
2010,16 Jun 2010 - 13:30 ,Group H,Nelspruit ,Honduras,0,Chile,1
2010,16 Jun 2010 - 16:00 ,Group H,Durban ,Spain,0,Switzerland,1
2010,16 Jun 2010 - 20:30 ,Group A,Tshwane/Pretoria ,South Africa,0,Uruguay,3
2010,17 Jun 2010 - 13:30 ,Group B,Johannesburg ,Argentina,4,Korea Republic,1
2010,17 Jun 2010 - 16:00 ,Group B,Mangaung/Bloemfontein ,Greece,2,Nigeria,1
2010,17 Jun 2010 - 20:30 ,Group A,Polokwane ,France,0,Mexico,2
2010,18 Jun 2010 - 13:30 ,Group D,Nelson Mandela Bay/Port Elizabeth ,Germany,0,Serbia,1
2010,18 Jun 2010 - 16:00 ,Group C,Johannesburg ,Slovenia,2,USA,2
2010,18 Jun 2010 - 20:30 ,Group C,Cape Town ,England,0,Algeria,0
2010,19 Jun 2010 - 13:30 ,Group E,Durban ,Netherlands,1,Japan,0
2010,19 Jun 2010 - 16:00 ,Group D,Phokeng ,Ghana,1,Australia,1
2010,19 Jun 2010 - 20:30 ,Group E,Tshwane/Pretoria ,Cameroon,1,Denmark,2
2010,20 Jun 2010 - 13:30 ,Group F,Mangaung/Bloemfontein ,Slovakia,0,Paraguay,2
2010,20 Jun 2010 - 16:00 ,Group F,Nelspruit ,Italy,1,New Zealand,1
2010,20 Jun 2010 - 20:30 ,Group G,Johannesburg ,Brazil,3,C�te d'Ivoire,1
2010,21 Jun 2010 - 13:30 ,Group G,Cape Town ,Portugal,7,Korea DPR,0
2010,21 Jun 2010 - 16:00 ,Group H,Nelson Mandela Bay/Port Elizabeth ,Chile,1,Switzerland,0
2010,21 Jun 2010 - 20:30 ,Group H,Johannesburg ,Spain,2,Honduras,0
2010,22 Jun 2010 - 16:00 ,Group A,Phokeng ,Mexico,0,Uruguay,1
2010,22 Jun 2010 - 16:00 ,Group A,Mangaung/Bloemfontein ,France,1,South Africa,2
2010,22 Jun 2010 - 20:30 ,Group B,Durban ,Nigeria,2,Korea Republic,2
2010,22 Jun 2010 - 20:30 ,Group B,Polokwane ,Greece,0,Argentina,2
2010,23 Jun 2010 - 16:00 ,Group C,Nelson Mandela Bay/Port Elizabeth ,Slovenia,0,England,1
2010,23 Jun 2010 - 16:00 ,Group C,Tshwane/Pretoria ,USA,1,Algeria,0
2010,23 Jun 2010 - 20:30 ,Group D,Johannesburg ,Ghana,0,Germany,1
2010,23 Jun 2010 - 20:30 ,Group D,Nelspruit ,Australia,2,Serbia,1
2010,24 Jun 2010 - 16:00 ,Group F,Johannesburg ,Slovakia,3,Italy,2
2010,24 Jun 2010 - 16:00 ,Group F,Polokwane ,Paraguay,0,New Zealand,0
2010,24 Jun 2010 - 20:30 ,Group E,Phokeng ,Denmark,1,Japan,3
2010,24 Jun 2010 - 20:30 ,Group E,Cape Town ,Cameroon,1,Netherlands,2
2010,25 Jun 2010 - 16:00 ,Group G,Durban ,Portugal,0,Brazil,0
2010,25 Jun 2010 - 16:00 ,Group G,Nelspruit ,Korea DPR,0,C�te d'Ivoire,3
2010,25 Jun 2010 - 20:30 ,Group H,Tshwane/Pretoria ,Chile,1,Spain,2
2010,25 Jun 2010 - 20:30 ,Group H,Mangaung/Bloemfontein ,Switzerland,0,Honduras,0
2010,26 Jun 2010 - 16:00 ,Round of 16,Nelson Mandela Bay/Port Elizabeth ,Uruguay,2,Korea Republic,1
2010,26 Jun 2010 - 20:30 ,Round of 16,Phokeng ,USA,1,Ghana,2
2010,27 Jun 2010 - 16:00 ,Round of 16,Mangaung/Bloemfontein ,Germany,4,England,1
2010,27 Jun 2010 - 20:30 ,Round of 16,Johannesburg ,Argentina,3,Mexico,1
2010,28 Jun 2010 - 16:00 ,Round of 16,Durban ,Netherlands,2,Slovakia,1
2010,28 Jun 2010 - 20:30 ,Round of 16,Johannesburg ,Brazil,3,Chile,0
2010,29 Jun 2010 - 16:00 ,Round of 16,Tshwane/Pretoria ,Paraguay,0,Japan,0
2010,29 Jun 2010 - 20:30 ,Round of 16,Cape Town ,Spain,1,Portugal,0
2010,02 Jul 2010 - 16:00 ,Quarter-finals,Nelson Mandela Bay/Port Elizabeth ,Netherlands,2,Brazil,1
2010,02 Jul 2010 - 20:30 ,Quarter-finals,Johannesburg ,Uruguay,1,Ghana,1
2010,03 Jul 2010 - 16:00 ,Quarter-finals,Cape Town ,Argentina,0,Germany,4
2010,03 Jul 2010 - 20:30 ,Quarter-finals,Johannesburg ,Paraguay,0,Spain,1
2010,06 Jul 2010 - 20:30 ,Semi-finals,Cape Town ,Uruguay,2,Netherlands,3
2010,07 Jul 2010 - 20:30 ,Semi-finals,Durban ,Germany,0,Spain,1
2010,10 Jul 2010 - 20:30 ,Match for third place,Nelson Mandela Bay/Port Elizabeth ,Uruguay,2,Germany,3
2010,11 Jul 2010 - 20:30 ,Final,Johannesburg ,Netherlands,0,Spain,1
2014,12 Jun 2014 - 17:00 ,Group A,Sao Paulo ,Brazil,3,Croatia,1
2014,13 Jun 2014 - 13:00 ,Group A,Natal ,Mexico,1,Cameroon,0
2014,13 Jun 2014 - 16:00 ,Group B,Salvador ,Spain,1,Netherlands,5
2014,13 Jun 2014 - 18:00 ,Group B,Cuiaba ,Chile,3,Australia,1
2014,14 Jun 2014 - 13:00 ,Group C,Belo Horizonte ,Colombia,3,Greece,0
2014,14 Jun 2014 - 16:00 ,Group D,Fortaleza ,Uruguay,1,Costa Rica,3
2014,14 Jun 2014 - 18:00 ,Group D,Manaus ,England,1,Italy,2
2014,14 Jun 2014 - 22:00 ,Group C,Recife ,C�te d'Ivoire,2,Japan,1
2014,15 Jun 2014 - 13:00 ,Group E,Brasilia ,Switzerland,2,Ecuador,1
2014,15 Jun 2014 - 16:00 ,Group E,Porto Alegre ,France,3,Honduras,0
2014,15 Jun 2014 - 19:00 ,Group F,Rio De Janeiro ,Argentina,2,"rn"">Bosnia and Herzegovina",1
2014,16 Jun 2014 - 13:00 ,Group G,Salvador ,Germany,4,Portugal,0
2014,16 Jun 2014 - 16:00 ,Group F,Curitiba ,IR Iran,0,Nigeria,0
2014,16 Jun 2014 - 19:00 ,Group G,Natal ,Ghana,1,USA,2
2014,17 Jun 2014 - 13:00 ,Group H,Belo Horizonte ,Belgium,2,Algeria,1
2014,17 Jun 2014 - 16:00 ,Group A,Fortaleza ,Brazil,0,Mexico,0
2014,17 Jun 2014 - 18:00 ,Group H,Cuiaba ,Russia,1,Korea Republic,1
2014,18 Jun 2014 - 13:00 ,Group B,Porto Alegre ,Australia,2,Netherlands,3
2014,18 Jun 2014 - 16:00 ,Group B,Rio De Janeiro ,Spain,0,Chile,2
2014,18 Jun 2014 - 18:00 ,Group A,Manaus ,Cameroon,0,Croatia,4
2014,19 Jun 2014 - 13:00 ,Group C,Brasilia ,Colombia,2,C�te d'Ivoire,1
2014,19 Jun 2014 - 16:00 ,Group D,Sao Paulo ,Uruguay,2,England,1
2014,19 Jun 2014 - 19:00 ,Group C,Natal ,Japan,0,Greece,0
2014,20 Jun 2014 - 13:00 ,Group D,Recife ,Italy,0,Costa Rica,1
2014,20 Jun 2014 - 16:00 ,Group E,Salvador ,Switzerland,2,France,5
2014,20 Jun 2014 - 19:00 ,Group E,Curitiba ,Honduras,1,Ecuador,2
2014,21 Jun 2014 - 13:00 ,Group F,Belo Horizonte ,Argentina,1,IR Iran,0
2014,21 Jun 2014 - 16:00 ,Group G,Fortaleza ,Germany,2,Ghana,2
2014,21 Jun 2014 - 18:00 ,Group F,Cuiaba ,Nigeria,1,"rn"">Bosnia and Herzegovina",0
2014,22 Jun 2014 - 13:00 ,Group H,Rio De Janeiro ,Belgium,1,Russia,0
2014,22 Jun 2014 - 16:00 ,Group H,Porto Alegre ,Korea Republic,2,Algeria,4
2014,22 Jun 2014 - 18:00 ,Group G,Manaus ,USA,2,Portugal,2
2014,23 Jun 2014 - 13:00 ,Group B,Curitiba ,Australia,0,Spain,3
2014,23 Jun 2014 - 13:00 ,Group B,Sao Paulo ,Netherlands,2,Chile,0
2014,23 Jun 2014 - 17:00 ,Group A,Brasilia ,Cameroon,1,Brazil,4
2014,23 Jun 2014 - 17:00 ,Group A,Recife ,Croatia,1,Mexico,3
2014,24 Jun 2014 - 13:00 ,Group D,Natal ,Italy,0,Uruguay,1
2014,24 Jun 2014 - 13:00 ,Group D,Belo Horizonte ,Costa Rica,0,England,0
2014,24 Jun 2014 - 16:00 ,Group C,Cuiaba ,Japan,1,Colombia,4
2014,24 Jun 2014 - 17:00 ,Group C,Fortaleza ,Greece,2,C�te d'Ivoire,1
2014,25 Jun 2014 - 13:00 ,Group F,Porto Alegre ,Nigeria,2,Argentina,3
2014,25 Jun 2014 - 13:00 ,Group F,Salvador ,"rn"">Bosnia and Herzegovina",3,IR Iran,1
2014,25 Jun 2014 - 16:00 ,Group E,Manaus ,Honduras,0,Switzerland,3
2014,25 Jun 2014 - 17:00 ,Group E,Rio De Janeiro ,Ecuador,0,France,0
2014,26 Jun 2014 - 13:00 ,Group G,Recife ,USA,0,Germany,1
2014,26 Jun 2014 - 13:00 ,Group G,Brasilia ,Portugal,2,Ghana,1
2014,26 Jun 2014 - 17:00 ,Group H,Sao Paulo ,Korea Republic,0,Belgium,1
2014,26 Jun 2014 - 17:00 ,Group H,Curitiba ,Algeria,1,Russia,1
2014,28 Jun 2014 - 13:00 ,Round of 16,Belo Horizonte ,Brazil,1,Chile,1
2014,28 Jun 2014 - 17:00 ,Round of 16,Rio De Janeiro ,Colombia,2,Uruguay,0
2014,30 Jun 2014 - 13:00 ,Round of 16,Brasilia ,France,2,Nigeria,0
2014,30 Jun 2014 - 17:00 ,Round of 16,Porto Alegre ,Germany,2,Algeria,1
2014,04 Jul 2014 - 17:00 ,Quarter-finals,Fortaleza ,Brazil,2,Colombia,1
2014,04 Jul 2014 - 13:00 ,Quarter-finals,Rio De Janeiro ,France,0,Germany,1
2014,08 Jul 2014 - 17:00 ,Semi-finals,Belo Horizonte ,Brazil,1,Germany,7
2014,12 Jul 2014 - 17:00 ,Play-off for third place,Brasilia ,Brazil,0,Netherlands,3
2014,13 Jul 2014 - 16:00 ,Final,Rio De Janeiro ,Germany,1,Argentina,0
2014,09 Jul 2014 - 17:00 ,Semi-finals,Sao Paulo ,Netherlands,0,Argentina,0
2014,05 Jul 2014 - 17:00 ,Quarter-finals,Salvador ,Netherlands,0,Costa Rica,0
2014,05 Jul 2014 - 13:00 ,Quarter-finals,Brasilia ,Argentina,1,Belgium,0
2014,29 Jun 2014 - 13:00 ,Round of 16,Fortaleza ,Netherlands,2,Mexico,1
2014,29 Jun 2014 - 17:00 ,Round of 16,Recife ,Costa Rica,1,Greece,1
2014,01 Jul 2014 - 13:00 ,Round of 16,Sao Paulo ,Argentina,1,Switzerland,0
2014,01 Jul 2014 - 17:00 ,Round of 16,Salvador ,Belgium,2,USA,1
2014,28 Jun 2014 - 13:00 ,Round of 16,Belo Horizonte ,Brazil,1,Chile,1
2014,28 Jun 2014 - 17:00 ,Round of 16,Rio De Janeiro ,Colombia,2,Uruguay,0
2014,29 Jun 2014 - 13:00 ,Round of 16,Fortaleza ,Netherlands,2,Mexico,1
2014,29 Jun 2014 - 17:00 ,Round of 16,Recife ,Costa Rica,1,Greece,1
2014,30 Jun 2014 - 13:00 ,Round of 16,Brasilia ,France,2,Nigeria,0
2014,30 Jun 2014 - 17:00 ,Round of 16,Porto Alegre ,Germany,2,Algeria,1
2014,01 Jul 2014 - 13:00 ,Round of 16,Sao Paulo ,Argentina,1,Switzerland,0
2014,01 Jul 2014 - 17:00 ,Round of 16,Salvador ,Belgium,2,USA,1
2014,04 Jul 2014 - 13:00 ,Quarter-finals,Rio De Janeiro ,France,0,Germany,1
2014,04 Jul 2014 - 17:00 ,Quarter-finals,Fortaleza ,Brazil,2,Colombia,1
2014,05 Jul 2014 - 13:00 ,Quarter-finals,Brasilia ,Argentina,1,Belgium,0
2014,05 Jul 2014 - 17:00 ,Quarter-finals,Salvador ,Netherlands,0,Costa Rica,0
2014,08 Jul 2014 - 17:00 ,Semi-finals,Belo Horizonte ,Brazil,1,Germany,7
2014,09 Jul 2014 - 17:00 ,Semi-finals,Sao Paulo ,Netherlands,0,Argentina,0
2014,12 Jul 2014 - 17:00 ,Play-off for third place,Brasilia ,Brazil,0,Netherlands,3
2014,13 Jul 2014 - 16:00 ,Final,Rio De Janeiro ,Germany,1,Argentina,0
